svelte-yarn;svelte-kit-yarn;react-yarn;react-vite-yarn;react-next-yarn;vue-yarn;vue-nuxt-yarn;svelte-build;svelte-kit-build;react-build;react-vite-build;react-next-build;vue-build;vue-nuxt-build;svelte-build-size;svelte-kit-build-size;react-build-size;react-vite-build-size;react-next-build-size;vue-build-size;vue-nuxt-build-size
1399;2437;11136;1512;3648;4876;6068;1520;5792;10210;4823;18752;7175;7171;28;124;548;164;396;684;184
1490;2372;11368;1478;3850;5208;5882;1439;5694;10136;4961;18885;7239;7280;28;124;548;164;396;684;184
1450;2455;11380;1469;3693;5105;5915;1546;5532;10482;4752;19149;7374;7294;28;124;548;164;396;684;184
1419;2369;11253;1394;3752;4988;6058;1441;5871;10024;4980;19256;7177;7194;28;124;548;164;396;684;184
1486;2326;11837;1479;3547;4738;5944;1462;5680;10377;4800;18942;7154;7017;28;124;548;164;396;684;184
1422;2379;12050;1505;4029;4880;6212;1460;5837;10191;4776;19004;7342;6965;28;124;548;164;396;684;184
1396;2340;11074;1519;3788;4621;6007;1497;5530;10128;4799;18863;7149;7108;28;124;548;164;396;684;184
1430;2286;11248;1537;3851;4706;5946;1494;5491;10192;4798;19346;7310;7453;28;124;548;164;396;684;184
1482;2298;11061;1504;3802;5006;6258;1459;5494;10406;4896;19298;7130;7365;28;124;548;164;396;684;184
1429;2319;11373;1545;3702;4932;5616;1442;5614;10514;4710;19247;7066;7321;28;124;548;164;396;684;184
1430;2363;11583;1475;3707;4870;5563;1447;5754;10136;4711;19220;7043;7044;28;124;548;164;396;684;184
1380;2417;11218;1606;3545;4831;6729;1498;5520;10082;4935;18494;7191;6984;28;124;548;164;396;684;184
1399;2335;11699;1467;3968;4928;5890;1416;5595;10160;4812;19051;7416;7246;28;124;548;164;396;684;184
1485;2342;11198;1459;3488;5084;5627;1492;5452;9980;4836;20323;7189;6920;28;124;548;164;396;684;184
1396;2336;11198;1492;3834;4975;6089;1513;5679;10413;5045;18723;7146;7021;28;124;548;164;396;684;184
1381;2364;11124;1524;3887;4816;5795;1481;5444;10387;4818;18712;7307;7098;28;124;548;164;396;684;184
1477;2286;11367;1509;3776;4795;6081;1536;5614;10338;5037;19176;7385;7233;28;124;548;164;396;684;184
1332;2340;10761;1507;3964;4911;5689;1512;5388;10167;4985;18460;7121;7405;28;124;548;164;396;684;184
1413;2327;11566;1543;3722;4495;5765;1413;5556;10063;4811;19100;7353;7283;28;124;548;164;396;684;184
1325;2411;10909;1508;3636;4815;6091;1483;5569;10103;4922;19029;7063;6898;28;124;548;164;396;684;184
1396;2322;11566;1522;3844;5087;5839;1505;5712;10651;4891;19063;7264;7138;28;124;548;164;396;684;184
1508;2364;11547;1584;3588;4859;6046;1539;5820;10470;4860;19133;7125;7123;28;124;548;164;396;684;184
1421;2503;12013;1595;4046;4914;5849;1528;5494;10132;4830;19250;7548;7716;28;124;548;164;396;684;184
1392;2399;11960;1568;3819;5084;5911;1503;5828;10201;4787;19495;7314;7051;28;124;548;164;396;684;184
1453;2350;11212;1584;3539;4875;5760;1466;5602;10303;4863;19382;7251;7333;28;124;548;164;396;684;184
1500;2359;11161;1515;3683;5238;5790;1515;5646;10615;4969;19579;7411;6956;28;124;548;164;396;684;184
1354;2386;11180;1494;3549;5168;6079;1552;5792;10593;4961;19263;7160;7027;28;124;548;164;396;684;184
1513;2442;11702;1490;3965;5633;5752;1521;5441;10031;4817;19184;7338;7576;28;124;548;164;396;684;184
1415;2382;11482;1515;3751;5116;6022;1456;5737;10294;4980;20646;7441;7181;28;124;548;164;396;684;184
1547;2468;11399;1518;3908;5079;5892;1555;5560;10086;5211;19736;7204;7057;28;124;548;164;396;684;184
1473;2463;11355;1606;3647;4902;6197;1505;5757;10168;5203;19050;7343;7451;28;124;548;164;396;684;184
1457;2449;12082;1625;3770;4861;5891;1554;5735;10562;4910;18882;7357;7369;28;124;548;164;396;684;184
1497;2355;11071;1497;3685;4694;6657;1508;5823;10390;4841;18976;7291;7419;28;124;548;164;396;684;184
1451;2468;11759;1620;3860;5022;6110;1445;5701;10464;4951;19172;7596;7505;28;124;548;164;396;684;184
1413;2421;11470;1619;3710;4742;5847;1488;5604;10376;4946;20021;7698;7249;28;124;548;164;396;684;184
1441;2423;11349;1487;3695;5319;5922;1496;5707;10363;5054;19032;7618;7432;28;124;548;164;396;684;184
1383;2276;10981;1497;3679;4842;6078;1423;5531;10926;4873;18851;7318;7282;28;124;548;164;396;684;184
1502;2368;11251;1487;3602;4766;6208;1419;5563;10126;4830;19503;7250;7377;28;124;548;164;396;684;184
1379;2264;10997;1487;3794;4806;5848;1464;5509;10319;4801;19164;7589;7075;28;124;548;164;396;684;184
1453;2320;11284;1601;3715;4765;6088;1442;5583;9981;4887;19203;7317;7172;28;124;548;164;396;684;184
1379;2375;11791;1520;3813;4826;5908;1528;5605;10423;5053;18959;7229;6896;28;124;548;164;396;684;184
1369;2386;11078;1474;3917;4643;5673;1515;5522;10199;5028;19261;7244;7303;28;124;548;164;396;684;184
1410;2304;11888;1522;3783;4629;6630;1463;5523;10222;4784;19017;7259;7208;28;124;548;164;396;684;184
1436;2370;11263;1524;4111;5103;5714;1469;5579;10303;4828;19182;7171;7229;28;124;548;164;396;684;184
1481;2223;11245;1546;3674;4688;5973;1472;5548;10475;4950;18927;7107;7136;28;124;548;164;396;684;184
1398;2389;11801;1519;3567;4858;6005;1514;5644;10220;4788;18931;7125;7318;28;124;548;164;396;684;184
1398;2441;10968;1468;3648;4974;6078;1458;5627;10611;4742;18590;7024;7123;28;124;548;164;396;684;184
1424;2336;11304;1621;3772;4813;6160;1496;5587;10172;4639;18935;7194;7084;28;124;548;164;396;684;184
1394;2397;11389;1467;3667;5286;6017;1496;5834;10353;5132;19611;7292;7168;28;124;548;164;396;684;184
1385;2358;11606;1489;3635;4701;5689;1403;5551;10388;5071;19488;7069;6930;28;124;548;164;396;684;184
1456;2449;11063;1560;3720;4655;5763;1502;5537;10342;4880;19318;7615;7161;28;124;548;164;396;684;184
1445;2450;11246;1528;3751;4956;6091;1481;5566;10574;5133;19200;7357;7245;28;124;548;164;396;684;184
1399;2462;10975;1480;3848;4755;6148;1536;5528;10269;4937;18698;7149;7315;28;124;548;164;396;684;184
1413;2443;11452;1590;4012;4878;6165;1542;5636;10521;4947;19061;7352;7181;28;124;548;164;396;684;184
1396;2354;11373;1538;3769;5218;5807;1439;5538;10555;4997;19236;7377;7170;28;124;548;164;396;684;184
1440;2432;11578;1498;3710;4939;5964;1528;5541;10439;4851;19162;7303;7305;28;124;548;164;396;684;184
1387;2317;11548;1435;3804;4998;6060;1486;5570;10452;4900;19617;7314;7344;28;124;548;164;396;684;184
1393;2494;11912;1540;3952;4626;5924;1464;5598;10189;4920;19043;7294;7150;28;124;548;164;396;684;184
1444;2273;10976;1495;3848;4707;5966;1526;5704;10461;4813;19080;7456;7082;28;124;548;164;396;684;184
1430;2378;11604;1499;3968;4577;6373;1537;5503;10227;4748;19140;7334;7433;28;124;548;164;396;684;184
1495;2344;11126;1657;3841;4894;5773;1498;5419;10309;4971;19054;7268;7021;28;124;548;164;396;684;184
1407;2272;11424;1622;3726;5330;5879;1478;5637;10304;4891;19981;7546;7254;28;124;548;164;396;684;184
1542;2395;11247;1599;3672;4721;6493;1516;5800;10466;5009;19304;7513;7268;28;124;548;164;396;684;184
1533;2509;11354;1580;3750;4935;6021;1535;5765;10582;5135;19378;7748;7421;28;124;548;164;396;684;184
1464;2405;11181;1437;4056;5020;6399;1532;5629;10301;5040;19549;7672;7682;28;124;548;164;396;684;184
1432;2462;12584;1539;3640;4790;6008;1515;5757;10485;5256;19598;7239;7399;28;124;548;164;396;684;184
1447;2389;11280;1557;3825;5093;6026;1493;5803;10490;5010;19435;7373;7390;28;124;548;164;396;684;184
1417;2331;11691;1654;3656;5171;5786;1469;5541;10333;5010;19372;7375;7317;28;124;548;164;396;684;184
1471;2403;11605;1629;4016;5232;6140;1530;5605;10609;4961;19819;7544;7358;28;124;548;164;396;684;184
1509;2370;12045;1534;3945;5050;6125;1488;5734;10688;5032;19601;7528;7291;28;124;548;164;396;684;184
1477;2453;12210;1591;4165;4779;6172;1515;5661;10481;5155;19734;7386;7244;28;124;548;164;396;684;184
1445;2466;11661;1534;3961;5108;6114;1525;5976;10477;4867;19653;7427;7336;28;124;548;164;396;684;184
1484;2413;12060;1542;4016;5336;6271;1576;5532;10341;4954;19953;7751;7251;28;124;548;164;396;684;184
1501;2384;11829;1537;3865;5216;6365;1419;5648;10355;5231;19630;7276;7399;28;124;548;164;396;684;184
1442;2273;11510;1625;4015;5063;6164;1445;5505;10168;4985;19100;7563;7251;28;124;548;164;396;684;184
1417;2409;11350;1570;3638;4891;5910;1463;5860;10838;5154;19728;7462;7149;28;124;548;164;396;684;184
1519;2442;11675;1592;4013;4951;6555;1480;5597;10649;5070;20490;7458;7340;28;124;548;164;396;684;184
1544;2319;11213;1559;3762;5166;6157;1513;5731;10337;5179;19571;7475;7340;28;124;548;164;396;684;184
1398;2340;11823;1412;3757;4789;5839;1477;5782;10227;5017;19564;7467;7063;28;124;548;164;396;684;184
1479;2197;11176;1518;3597;4706;6073;1487;5672;10531;4938;18882;7043;7164;28;124;548;164;396;684;184
1368;2371;11154;1597;3775;4864;6080;1484;5556;10388;4816;19401;7050;7326;28;124;548;164;396;684;184
1367;2467;11313;1526;3766;5123;5707;1486;5485;10072;5014;19094;7395;7635;28;124;548;164;396;684;184
1508;2272;12305;1597;3730;4819;5713;1448;5570;10028;4945;19453;7292;7238;28;124;548;164;396;684;184
1472;2481;10879;1482;3710;4474;5889;1480;5603;10437;5016;19551;7609;7282;28;124;548;164;396;684;184
1372;2261;11349;1517;3713;4576;5831;1433;5573;10256;5097;19536;7296;7316;28;124;548;164;396;684;184
1539;2454;11231;1575;3732;4813;6732;1514;5556;10320;4818;19162;7279;7247;28;124;548;164;396;684;184
1512;2577;11131;1462;3611;4813;6420;1501;5792;10650;4857;19699;7411;7247;28;124;548;164;396;684;184
1438;2230;12120;1433;3691;4995;5835;1491;5548;9789;4849;19106;7267;7240;28;124;548;164;396;684;184
1406;2239;11568;1480;3729;4800;5981;1430;5766;10155;4870;19444;7028;7092;28;124;548;164;396;684;184
1397;2406;11920;1511;3758;4989;5874;1415;5523;10319;4928;20019;7184;7215;28;124;548;164;396;684;184
1375;2440;11471;1572;3964;4754;6011;1391;5630;10243;4896;19730;7356;7244;28;124;548;164;396;684;184
1480;2249;12045;1431;3685;4640;5689;1397;5889;10222;5059;18973;7170;7372;28;124;548;164;396;684;184
1422;2400;11257;1574;3556;4992;5927;1447;5689;10067;4938;18934;7245;7575;28;124;548;164;396;684;184
1432;2230;12201;1680;3648;5268;5807;1410;5513;10179;4834;19328;7126;7190;28;124;548;164;396;684;184
1502;2402;10735;1473;3719;4720;6029;1391;5563;10427;5066;19105;7368;7348;28;124;548;164;396;684;184
1407;2398;12040;1584;3772;4637;5739;1453;5428;10416;4880;19077;7278;7247;28;124;548;164;396;684;184
1449;2219;11971;1594;3837;4741;5726;1414;5846;10173;4844;19370;7405;7348;28;124;548;164;396;684;184
1431;2359;11573;1614;3738;4880;5939;1440;5688;10341;4943;19382;7210;7487;28;124;548;164;396;684;184
1430;2404;11452;1496;3579;4774;6180;1441;5565;10223;4973;18861;7169;7205;28;124;548;164;396;684;184
1473;2371;11051;1511;3799;4697;5377;1504;5423;10370;4955;19383;7084;7475;28;124;548;164;396;684;184
1435;2185;11333;1483;4030;5127;5614;1497;5470;10174;4933;19352;7327;7058;28;124;548;164;396;684;184
1385;2351;11308;1492;4004;4924;6157;1400;5782;10101;4871;18904;7207;7224;28;124;548;164;396;684;184
1487;2343;12136;1509;3490;5080;5845;1478;5583;9979;5122;18758;7229;7335;28;124;548;164;396;684;184
1384;2307;11389;1583;3657;4602;6154;1490;5478;10313;4818;19483;7217;7453;28;124;548;164;396;684;184
1455;2441;10806;1662;3865;4981;6164;1466;5604;10207;4878;19503;7283;7106;28;124;548;164;396;684;184
1363;2402;11746;1503;3861;4825;5783;1544;5530;10325;4978;19806;7199;7013;28;124;548;164;396;684;184
1433;2412;11032;1526;3850;4956;5931;1557;5735;10756;4886;18811;7170;7255;28;124;548;164;396;684;184
1472;2385;11738;1437;3819;4802;5933;1420;5524;10146;4999;19627;7505;7173;28;124;548;164;396;684;184
1435;2243;11321;1556;3853;4724;5580;1458;5530;10271;4974;19308;7511;7161;28;124;548;164;396;684;184
1501;2413;11455;1485;3604;4510;6206;1506;5435;10278;4986;19092;7402;7116;28;124;548;164;396;684;184
1403;2310;11146;1562;3886;4736;5682;1494;5546;10258;4908;19438;7220;7415;28;124;548;164;396;684;184
1424;2367;11421;1483;3639;5163;5696;1473;6221;10965;5180;19006;7328;7082;28;124;548;164;396;684;184
1420;2275;11244;1401;3658;4860;5907;1512;5672;10344;5012;18683;7550;7234;28;124;548;164;396;684;184
1445;2404;11880;1436;3683;5116;5642;1424;5588;9997;4885;18751;7572;7191;28;124;548;164;396;684;184
1433;2455;11324;1553;3695;5282;6288;1376;5595;10375;5036;19461;7490;7376;28;124;548;164;396;684;184
1410;2363;11069;1538;4037;4913;5933;1511;5592;10344;4973;18771;7483;7153;28;124;548;164;396;684;184
1393;2359;10927;1633;3730;4784;5787;1393;5601;10270;4930;19008;7265;7271;28;124;548;164;396;684;184
1469;2352;11598;1522;3656;4871;5922;1474;5501;10142;4821;18817;7321;7569;28;124;548;164;396;684;184
1392;2384;11224;1544;3699;4905;5957;1412;5701;10017;4794;19363;7440;7199;28;124;548;164;396;684;184
1455;2257;12193;1478;3647;4983;6388;1501;5680;10386;4975;18817;7237;7131;28;124;548;164;396;684;184
1394;2325;11117;1565;3860;5152;5655;1488;5624;10323;4890;20555;7369;7170;28;124;548;164;396;684;184
1435;2454;11685;1479;3924;5136;6133;1470;5709;10533;4795;19054;7137;6954;28;124;548;164;396;684;184
1444;2353;10859;1565;4069;4910;5919;1444;5981;10245;5003;19077;7284;7606;28;124;548;164;396;684;184
1309;2316;11584;1545;3833;4785;6088;1522;5664;10268;4930;19424;7281;6967;28;124;548;164;396;684;184
1440;2359;10939;1496;3684;4750;5794;1416;5675;10352;4897;19242;7004;7049;28;124;548;164;396;684;184
1367;2354;11358;1579;3861;4997;5875;1463;5568;10098;5045;19272;7231;7008;28;124;548;164;396;684;184
1415;2399;11512;1510;3925;4778;5988;1431;5723;10250;5122;19721;7441;7089;28;124;548;164;396;684;184
1435;2321;11041;1468;3492;5121;5585;1491;5505;10079;4749;18616;7252;7451;28;124;548;164;396;684;184
1434;2358;11235;1507;4006;4764;6089;1462;5507;10255;4934;19624;7385;7253;28;124;548;164;396;684;184
1440;2370;10833;1497;3579;4940;5935;1442;5334;10224;4892;18976;7131;7281;28;124;548;164;396;684;184
1394;2425;11384;1474;3654;4705;6296;1449;5593;10179;4867;18290;7284;7111;28;124;548;164;396;684;184
1393;2316;11325;1477;4102;4916;5896;1404;5717;9987;4871;19090;7280;6885;28;124;548;164;396;684;184
1417;2321;11399;1585;3697;4932;5935;1498;5560;10482;4895;19185;7314;7275;28;124;548;164;396;684;184
1344;2477;11417;1542;3628;4909;5842;1491;5557;10073;5017;19037;7239;7281;28;124;548;164;396;684;184
1476;2417;11595;1481;3665;4798;5658;1468;5498;10215;4948;20037;7402;7245;28;124;548;164;396;684;184
1403;2417;11512;1506;3686;4859;6274;1465;5495;10245;5011;19096;7224;7165;28;124;548;164;396;684;184
1357;2424;11197;1558;3672;4865;5861;1457;6010;10356;4896;18669;7177;7225;28;124;548;164;396;684;184
1377;2272;11676;1423;3634;5036;5686;1453;5716;10117;4800;18891;7280;7301;28;124;548;164;396;684;184
1493;2371;11420;1500;3926;4861;5925;1501;5527;10190;4939;19265;7344;7015;28;124;548;164;396;684;184
1459;2301;11186;1489;3753;4583;5905;1444;5490;10264;4880;19358;7163;7108;28;124;548;164;396;684;184
1430;2315;11462;1532;3995;4761;6233;1425;5597;10374;4926;18954;7319;7149;28;124;548;164;396;684;184
1401;2345;10879;1523;3774;5001;6010;1485;5808;10492;4978;19088;7331;7371;28;124;548;164;396;684;184
1353;2387;11399;1500;3924;5238;5606;1427;5533;10037;4854;18967;7378;7279;28;124;548;164;396;684;184
1458;2262;11275;1652;3669;4681;5612;1443;5482;10156;4757;19307;7617;6935;28;124;548;164;396;684;184
1396;2373;11286;1745;3961;4871;5860;1443;5729;10216;4878;19346;7279;7000;28;124;548;164;396;684;184
1344;2337;11816;1537;3614;4755;6368;1431;5570;10166;4932;18819;7342;7106;28;124;548;164;396;684;184
1403;2266;11147;1576;3690;4698;6116;1411;5579;10288;4906;19287;7115;7010;28;124;548;164;396;684;184
1382;2385;11602;1572;4247;4793;6155;1473;5750;10376;4988;18936;7306;7305;28;124;548;164;396;684;184
1395;2307;11232;1555;3550;4942;5809;1410;5535;10441;4743;19464;7198;7346;28;124;548;164;396;684;184
1442;2469;11746;1466;3768;5254;5764;1441;5557;10232;4967;19040;7154;7288;28;124;548;164;396;684;184
1601;2380;10882;1507;3671;4654;5853;1509;5585;10267;4587;19399;7161;7344;28;124;548;164;396;684;184
1401;2435;11702;1606;3843;4979;6084;1477;5554;10546;5197;19223;7389;7217;28;124;548;164;396;684;184
1378;2511;11299;1537;3689;5248;5679;1489;5629;10395;4967;19037;7511;7141;28;124;548;164;396;684;184
1432;2348;11428;1590;3522;4773;6174;1443;5577;10173;4962;19312;7438;7256;28;124;548;164;396;684;184
1442;2409;11721;1489;3800;5129;5799;1446;5560;10371;4970;19356;7790;7214;28;124;548;164;396;684;184
1327;2246;11866;1525;3726;5082;6235;1459;5802;10294;5085;19295;7480;7211;28;124;548;164;396;684;184
1461;2330;11385;1582;3774;4835;5819;1480;5585;10681;4949;20174;7356;7154;28;124;548;164;396;684;184
1399;2356;11187;1492;3702;4658;5629;1436;5609;10491;5165;19334;7445;7183;28;124;548;164;396;684;184
1383;2346;11531;1456;3876;5031;5720;1459;5776;10347;4987;19697;7329;7069;28;124;548;164;396;684;184
1575;2353;11265;1509;3620;4618;6326;1489;5538;10560;4806;19030;7275;7332;28;124;548;164;396;684;184
1407;2410;11766;1556;3736;4645;5732;1455;5575;9985;4957;18897;7480;7360;28;124;548;164;396;684;184
1424;2358;11553;1522;3699;4609;5668;1415;5586;10365;5007;19655;7166;7144;28;124;548;164;396;684;184
1414;2305;11669;1488;3948;4922;6033;1468;5626;10362;4748;19451;7193;7367;28;124;548;164;396;684;184
1379;2367;11694;1573;3938;5064;5569;1487;5488;10208;4813;18847;7218;7024;28;124;548;164;396;684;184
1442;2452;11115;1467;3632;4705;5766;1445;5543;10213;4831;19146;7518;7262;28;124;548;164;396;684;184
1438;2364;11164;1555;3871;4624;6152;1486;5731;10475;4958;19302;7502;7465;28;124;548;164;396;684;184
1411;2340;11340;1619;3748;4717;5745;1447;5633;10109;4920;19045;7497;7323;28;124;548;164;396;684;184
1371;2412;11357;1559;3846;4763;5941;1528;5484;10346;4853;19312;7189;7316;28;124;548;164;396;684;184
1347;2345;11425;1528;3841;4832;5683;1432;5324;10135;4990;19123;6987;7130;28;124;548;164;396;684;184
1531;2337;11572;1617;3655;4897;5932;1483;5439;10435;4899;18707;7456;7230;28;124;548;164;396;684;184
1444;2536;10832;1472;3838;4779;5734;1486;5723;10409;4812;23266;7495;7143;28;124;548;164;396;684;184
1503;2259;11109;1506;3571;4900;6364;1419;5614;10263;5192;19404;7471;7319;28;124;548;164;396;684;184
1484;2377;11412;1527;3812;4591;6275;1456;5614;10455;4804;19226;7350;7001;28;124;548;164;396;684;184
1443;2324;12321;1575;4004;5065;5764;1528;5844;10358;4854;19858;7311;7222;28;124;548;164;396;684;184
1337;2393;11122;1544;3703;4513;6089;1476;5625;10226;4885;19120;7287;7145;28;124;548;164;396;684;184
1410;2297;11083;1547;3822;4565;5949;1548;5815;10391;5069;19209;7226;7070;28;124;548;164;396;684;184
1411;2462;11054;1510;3754;4772;5756;1444;5461;10390;4816;18876;7422;7303;28;124;548;164;396;684;184
1386;2405;11522;1715;3710;4666;5959;1457;5457;10150;4834;19013;7337;7098;28;124;548;164;396;684;184
1500;2220;11464;1466;3454;4905;6137;1496;5697;10417;4962;19497;7424;7267;28;124;548;164;396;684;184
1375;2265;11303;1495;3540;4931;5831;1520;5575;10270;5061;19019;7223;7288;28;124;548;164;396;684;184
1389;2322;11267;1513;3655;4787;6067;1467;5448;10211;4826;19177;7253;6954;28;124;548;164;396;684;184
1438;2404;11843;1491;4077;4676;6081;1428;5538;10312;4950;19417;6961;7281;28;124;548;164;396;684;184
1324;2342;11454;1675;3836;4624;5844;1469;5617;9984;4752;18966;7207;6991;28;124;548;164;396;684;184
1333;2487;11381;1494;3975;4648;5902;1439;5684;10294;5018;19563;7301;7453;28;124;548;164;396;684;184
1367;2288;11253;1579;3876;5323;5776;1429;5606;10419;4974;19619;7238;7154;28;124;548;164;396;684;184
1398;2415;10787;1481;3725;4768;5822;1524;5666;10586;4780;19240;7493;7320;28;124;548;164;396;684;184
1375;2297;10969;1606;3850;5268;5915;1561;5614;10429;5140;18632;7346;6959;28;124;548;164;396;684;184
1382;2386;11571;1630;3802;5143;6161;1458;5460;10120;4875;19247;7088;7354;28;124;548;164;396;684;184
1480;2318;10987;1621;3815;5356;5787;1462;5647;10634;4896;20005;7530;7391;28;124;548;164;396;684;184
1335;2311;11271;1488;3842;4935;6061;1426;5456;10026;5014;19022;7147;7258;28;124;548;164;396;684;184
1455;2308;11683;1596;3691;4962;6047;1475;5677;10427;4925;18723;7235;7450;28;124;548;164;396;684;184
1403;2387;10817;1706;3891;4628;5678;1481;5475;10168;4553;18972;7136;7309;28;124;548;164;396;684;184
1468;2293;11737;1532;3932;4880;5650;1457;5612;10407;4875;18580;7339;7405;28;124;548;164;396;684;184
1405;2490;11539;1480;3619;4657;5634;1521;5667;10474;4822;19363;7205;7152;28;124;548;164;396;684;184
1415;2373;10835;1443;3908;4855;6012;1424;5528;10431;4979;19530;7205;7071;28;124;548;164;396;684;184
1399;2254;11668;1550;3976;4881;5609;1387;5528;10395;4804;18401;7388;7038;28;124;548;164;396;684;184
1415;2355;11636;1531;3597;4549;5725;1488;5722;10198;4877;18966;7129;7104;28;124;548;164;396;684;184
1389;2350;11481;1573;3616;4864;6148;1499;5551;10380;4939;18642;7395;7156;28;124;548;164;396;684;184
1477;2394;11521;1474;3566;4768;5793;1570;5582;10144;4822;19822;7334;7427;28;124;548;164;396;684;184
1306;2302;11652;1543;3871;4863;5870;1510;5448;10110;5248;18861;7200;7074;28;124;548;164;396;684;184
1536;2393;11949;1455;3711;5108;5877;1481;5690;10389;4903;19484;7114;7195;28;124;548;164;396;684;184
1447;2280;12073;1468;3804;4725;6451;1448;5463;9954;4869;19390;7315;7233;28;124;548;164;396;684;184
1475;2219;11465;1547;3736;4684;5784;1508;5591;10528;5081;19126;7663;7476;28;124;548;164;396;684;184
1505;2302;11961;1614;3571;5027;5780;1449;5514;10295;4990;19492;7060;7634;28;124;548;164;396;684;184
1393;2362;11081;1488;3666;4562;5997;1446;5536;10282;5092;19015;7406;7365;28;124;548;164;396;684;184
1478;2340;10679;1494;3860;5080;5852;1426;5634;10463;4841;19295;7466;7128;28;124;548;164;396;684;184
1420;2408;11508;1627;3759;5123;5887;1452;5371;10272;4972;19024;7399;7369;28;124;548;164;396;684;184
1413;2417;11200;1553;3425;4413;5914;1480;5656;10112;4852;18759;7507;6984;28;124;548;164;396;684;184
1454;2341;11251;1533;3675;5078;6072;1478;5695;10176;5015;19109;7277;7225;28;124;548;164;396;684;184
1489;2382;11289;1513;3635;4997;5871;1459;5650;10342;5025;19448;7338;7163;28;124;548;164;396;684;184
1462;2398;11028;1499;3566;4930;5635;1524;5448;10226;4925;19561;7298;7063;28;124;548;164;396;684;184
1387;2452;11397;1531;3717;4685;6430;1469;5478;10405;4937;20085;7540;7556;28;124;548;164;396;684;184
1488;2414;11418;1520;3737;5074;6057;1453;5523;10772;4928;19170;7553;7431;28;124;548;164;396;684;184
1521;2351;11509;1508;3752;5154;6204;1440;5465;10311;4746;18862;7318;7168;28;124;548;164;396;684;184
1444;2187;12455;1499;3926;4828;6088;1535;5567;10132;4923;19061;7171;7141;28;124;548;164;396;684;184
1445;2358;11413;1477;3628;4855;6281;1485;5563;10230;4773;18816;7092;6928;28;124;548;164;396;684;184
1343;2433;10752;1534;4010;4881;5552;1426;5677;10499;4852;19242;7377;7286;28;124;548;164;396;684;184
1437;2259;11057;1626;3598;5037;6396;1496;5495;10198;4833;19453;7202;7233;28;124;548;164;396;684;184
1378;2332;10909;1508;3964;4944;6232;1438;5493;10468;5094;19240;7123;7179;28;124;548;164;396;684;184
1455;2320;11602;1547;3653;4943;6078;1427;5546;10168;4720;18683;7245;7197;28;124;548;164;396;684;184
1411;2272;11435;1490;3760;4842;5999;1517;5805;10434;4882;19253;7470;7144;28;124;548;164;396;684;184
1510;2339;11566;1624;3881;4848;6156;1422;5750;10608;4926;20316;7590;7213;28;124;548;164;396;684;184
1377;2369;11499;1535;3892;4814;5703;1422;5590;10332;4901;19385;7311;7114;28;124;548;164;396;684;184
1456;2382;11960;1481;3690;5129;5472;1508;5486;10000;5135;19381;7236;7290;28;124;548;164;396;684;184
1430;2420;11685;1565;3582;4895;5763;1484;5696;10551;5033;19486;7424;7564;28;124;548;164;396;684;184
1400;2375;11288;1582;3884;4884;5927;1494;5375;10192;4865;19638;7098;7141;28;124;548;164;396;684;184
1485;2261;11279;1537;3568;4789;6087;1498;5473;10565;4929;20038;7551;7260;28;124;548;164;396;684;184
1519;2402;11118;1566;3974;5119;5960;1515;5789;10368;4856;19484;7337;7274;28;124;548;164;396;684;184
1376;2347;11605;1584;3659;4972;5939;1492;5829;10287;5019;24249;7380;7445;28;124;548;164;396;684;184
1505;2226;11889;1506;3740;4899;6116;1485;5756;10374;5122;19762;7215;7521;28;124;548;164;396;684;184
1396;2280;11436;1672;3746;5015;6075;1537;5839;10631;4903;19402;7635;7461;28;124;548;164;396;684;184
1572;2490;11667;1562;3804;4897;6340;1555;5692;10220;4926;19473;7428;7165;28;124;548;164;396;684;184
1459;2386;11930;1486;3546;5275;6231;1511;5723;10242;4817;19007;7424;7593;28;124;548;164;396;684;184
1415;2381;11002;1597;3908;4669;5973;1467;5696;10458;4960;19353;7421;7260;28;124;548;164;396;684;184
1319;2305;11634;1528;3650;5400;6054;1411;5725;10435;4854;19210;7478;7605;28;124;548;164;396;684;184
1448;2299;12234;1629;3630;4805;6134;1455;5523;10429;4895;19266;7347;7222;28;124;548;164;396;684;184
1458;2382;11438;1548;3748;4670;5485;1417;5526;9978;5037;20031;7201;7165;28;124;548;164;396;684;184
1435;2446;11345;1529;3978;5093;5981;1514;5403;10540;5035;18784;7177;7218;28;124;548;164;396;684;184
1361;2315;11833;1447;3782;4839;5700;1509;5672;10163;4859;18772;7207;7277;28;124;548;164;396;684;184
1342;2344;11028;1519;4109;4900;6092;1430;5563;10402;4986;19349;7302;7490;28;124;548;164;396;684;184
1493;2409;11896;1517;3635;4915;5729;1402;5461;10155;4758;18747;7237;7005;28;124;548;164;396;684;184
1440;2358;11181;1440;3771;4962;6178;1490;5505;10169;4982;19238;7384;7116;28;124;548;164;396;684;184
1367;2245;11707;1516;3764;4685;6140;1456;5632;10178;4792;18480;6992;7289;28;124;548;164;396;684;184
1459;2330;11659;1528;3932;4771;5753;1689;5513;10307;4882;18264;7406;7055;28;124;548;164;396;684;184
1439;2388;11571;1642;3542;4744;6073;1517;5594;10098;4759;20026;7342;7162;28;124;548;164;396;684;184
1446;2446;11614;1529;3738;4858;6201;1406;5464;10220;4840;19026;7419;7239;28;124;548;164;396;684;184
1329;2240;11473;1485;3970;4587;5592;1372;5566;10056;4818;19062;7043;7263;28;124;548;164;396;684;184
1484;2262;11844;1435;3936;4699;5593;1357;5787;10362;4979;18755;7171;7178;28;124;548;164;396;684;184
1468;2366;11283;1525;3826;4613;6212;1519;5669;10152;4931;18801;7103;6931;28;124;548;164;396;684;184
1507;2305;11317;1519;3987;4634;5919;1439;5626;9942;4845;18686;7059;7432;28;124;548;164;396;684;184
1402;2241;11856;1505;3828;4823;5496;1419;5475;10139;4764;19024;7299;7158;28;124;548;164;396;684;184
1445;2278;11260;1583;3905;4703;5738;1504;5635;10274;5080;19419;7104;7083;28;124;548;164;396;684;184
1388;2278;12376;1554;3665;4755;5645;1497;5588;10406;5000;18643;7199;7048;28;124;548;164;396;684;184
1458;2469;11952;1553;3703;4780;5978;1413;5638;10131;4996;18589;7269;6933;28;124;548;164;396;684;184
1374;2306;11326;1591;3904;4890;5808;1408;5533;10402;5036;19207;7477;7391;28;124;548;164;396;684;184
1516;2324;11402;1500;3803;4674;6043;1439;5544;10084;4905;18989;7180;6939;28;124;548;164;396;684;184
1472;2224;11080;1488;3726;4997;6055;1376;5661;9960;4710;19155;7249;7069;28;124;548;164;396;684;184
1427;2342;11178;1566;3619;4796;6141;1407;5431;10481;4751;18788;7288;7311;28;124;548;164;396;684;184
1393;2343;11969;1555;3807;5008;6123;1403;5532;10280;4831;19068;7192;7119;28;124;548;164;396;684;184
1384;2253;11603;1476;3787;4759;5522;1411;5388;9912;4896;18810;7386;7049;28;124;548;164;396;684;184
1530;2427;11889;1633;3596;4666;6194;1491;5533;10199;4773;19664;7287;7108;28;124;548;164;396;684;184
1465;2287;11131;1584;3575;4577;6031;1432;5761;10441;5430;19629;7210;7222;28;124;548;164;396;684;184
1494;2362;12557;1555;3769;5090;6467;1484;5640;10598;4945;19839;7236;7570;28;124;548;164;396;684;184
1488;2454;11156;1490;3807;5022;6456;1532;5573;10476;4948;19135;7676;7484;28;124;548;164;396;684;184
1425;2301;11326;1604;3720;4989;5634;1489;5646;10201;5101;19282;7322;7128;28;124;548;164;396;684;184
1443;2416;11850;1532;3716;5052;6291;1488;5594;10568;5000;19748;7358;7256;28;124;548;164;396;684;184
1456;2346;11995;1581;3986;4824;5908;1493;5753;10704;5141;19628;7495;7497;28;124;548;164;396;684;184
1447;2432;11705;1530;3895;4860;5977;1452;5712;10072;5073;19991;7589;7357;28;124;548;164;396;684;184
1454;2438;12000;1538;3826;4939;6052;1497;5537;10365;4921;19503;7445;7363;28;124;548;164;396;684;184
1411;2459;11514;1463;4072;4953;5850;1506;5588;10499;5110;19606;7314;7226;28;124;548;164;396;684;184
1428;2244;11186;1623;3855;4847;5993;1488;5746;10752;4905;19759;7322;7411;28;124;548;164;396;684;184
1378;2433;11806;1510;3769;4835;6493;1443;5669;10656;5068;19706;7470;7512;28;124;548;164;396;684;184
1523;2327;11266;1479;3904;4871;6066;1417;5840;10360;5013;19207;7720;7537;28;124;548;164;396;684;184
1505;2303;11621;1616;3696;4740;5926;1471;5798;10454;5222;19340;7385;7357;28;124;548;164;396;684;184
1515;2284;11883;1657;3908;4735;5846;1438;5666;10698;5130;19542;7253;7180;28;124;548;164;396;684;184
1363;2293;11680;1514;3868;4952;6236;1501;5702;10655;5068;19416;7339;7351;28;124;548;164;396;684;184
1440;2317;11244;1512;3961;5173;6217;1491;5639;10645;4956;19503;7675;7419;28;124;548;164;396;684;184
1517;2563;11341;1480;3747;4885;6103;1464;5755;10937;5040;20039;7441;7386;28;124;548;164;396;684;184
1435;2331;10826;1546;3664;4916;5991;1489;5688;10192;5102;19442;6985;7417;28;124;548;164;396;684;184
1438;2326;10920;1557;3855;4788;6015;1480;5849;9961;4815;19298;7148;7046;28;124;548;164;396;684;184
1509;2299;11286;1527;3910;4729;5851;1492;5490;10213;4925;19017;7106;7256;28;124;548;164;396;684;184
1446;2429;11971;1504;3745;4650;6205;1485;5458;10157;4867;18982;7374;7257;28;124;548;164;396;684;184
1522;2433;11493;1572;3984;4638;5804;1445;5561;10363;4857;19697;7297;7455;28;124;548;164;396;684;184
1399;2172;11524;1500;3729;4926;6305;1548;5537;10531;4810;20671;7277;7099;28;124;548;164;396;684;184
1395;2197;11277;1374;3823;4757;6294;1483;5602;10177;4826;19478;7368;7113;28;124;548;164;396;684;184
1417;2350;12072;1540;3664;5156;6039;1417;5496;10152;4859;19485;7300;7263;28;124;548;164;396;684;184
1518;2379;11473;1502;3596;4936;5708;1418;5746;10094;4935;19439;7313;7103;28;124;548;164;396;684;184
1350;2260;11604;1505;3788;5185;5792;1469;5463;10241;4745;18900;7368;7349;28;124;548;164;396;684;184
1439;2300;11557;1530;3786;5100;5830;1510;5743;10114;4979;19782;7281;6943;28;124;548;164;396;684;184
1363;2384;11120;1487;3837;4965;6492;1519;5419;10206;4853;18824;7239;6917;28;124;548;164;396;684;184
1420;2255;11499;1531;3678;4837;5909;1514;5617;10266;4864;19670;7302;7074;28;124;548;164;396;684;184
1384;2346;11337;1516;3680;4981;5885;1411;5584;10203;4915;19231;7279;7241;28;124;548;164;396;684;184
1449;2403;11542;1551;3656;4829;5998;1530;5722;10826;4985;19576;7457;7014;28;124;548;164;396;684;184
1472;2356;11518;1537;3565;4878;5931;1439;5593;10615;5028;18651;7310;7415;28;124;548;164;396;684;184
1419;2314;12187;1494;3505;4714;5926;1458;5414;10518;4831;19409;7323;7027;28;124;548;164;396;684;184
1315;2324;11060;1547;3820;4979;6137;1463;5495;10401;4978;19494;7242;7278;28;124;548;164;396;684;184
1461;2388;11023;1529;3832;4927;6073;1506;5512;10273;4911;18945;7520;7239;28;124;548;164;396;684;184
1429;2411;11656;1493;4003;5012;6456;1447;5556;9840;4818;19789;7335;7121;28;124;548;164;396;684;184
1461;2297;12038;1564;3851;4651;5817;1503;5426;10309;4883;19134;7485;7630;28;124;548;164;396;684;184
1417;2398;11177;1500;3597;4842;6284;1519;5618;10051;4980;19045;7080;6910;28;124;548;164;396;684;184
1439;2329;11662;1539;3755;4852;5952;1453;5639;10422;4962;19049;7291;7361;28;124;548;164;396;684;184
1372;2343;11592;1511;3596;5182;5868;1565;5600;10256;5031;18970;7124;7255;28;124;548;164;396;684;184
1548;2378;11262;1721;3796;4884;6062;1461;5663;10218;5012;18776;7509;7306;28;124;548;164;396;684;184
1469;2359;11523;1458;3767;4873;6257;1483;5743;10089;4949;19853;7225;7086;28;124;548;164;396;684;184
1552;2243;11848;1515;3682;4937;6012;1411;5514;10288;4841;19210;7400;7529;28;124;548;164;396;684;184
1336;2355;12348;1464;3623;4585;5751;1580;5729;10256;4932;19350;7216;7008;28;124;548;164;396;684;184
1466;2309;11428;1556;3955;4743;5751;1450;5602;10146;4910;19058;7352;7025;28;124;548;164;396;684;184
1414;2419;11742;1561;3634;4705;6039;1451;5568;9993;4868;18988;7414;7339;28;124;548;164;396;684;184
1411;2348;11262;1493;3549;4633;6093;1520;5526;10382;4987;19113;7239;7000;28;124;548;164;396;684;184
1419;2258;10604;1499;3611;4847;5738;1455;5615;10392;4742;18966;7200;7122;28;124;548;164;396;684;184
1472;2293;11647;1492;3715;5245;6161;1473;5501;10401;4953;19455;7199;7594;28;124;548;164;396;684;184
1427;2288;10779;1489;3688;4817;6270;1485;5541;10156;4847;19254;7138;7624;28;124;548;164;396;684;184
1519;2454;11547;1623;4027;4910;6048;1443;5398;10380;4788;19294;7076;7143;28;124;548;164;396;684;184
1380;2333;11270;1461;3663;4541;6012;1487;5642;10526;5100;18808;7175;7127;28;124;548;164;396;684;184
1473;2216;11274;1501;4028;4795;6419;1500;5680;10439;4914;18690;7426;7428;28;124;548;164;396;684;184
1431;2312;12256;1507;3780;4645;5899;1498;5542;10033;4900;19516;7139;7294;28;124;548;164;396;684;184
1456;2326;11427;1464;3783;5134;6194;1522;5632;10228;5067;19251;7331;7230;28;124;548;164;396;684;184
1396;2224;11055;1425;3981;4618;5942;1406;5464;10649;4799;18692;7378;7410;28;124;548;164;396;684;184
1398;2271;11447;1465;3832;4974;6170;1467;5501;9954;4754;19465;7264;7186;28;124;548;164;396;684;184
1397;2421;11809;1737;3888;5463;5878;1487;5612;10118;5010;19689;8276;7585;28;124;548;164;396;684;184
1500;2311;11368;1522;3882;5165;6182;1453;5507;10582;5164;20075;7478;7447;28;124;548;164;396;684;184
1439;2281;10882;1535;3642;4736;5820;1431;5665;10640;4925;19073;7228;7111;28;124;548;164;396;684;184
1417;2207;11500;1497;3848;4729;5802;1484;5388;10359;4605;18735;7238;7100;28;124;548;164;396;684;184
1442;2467;11672;1529;3725;4663;6010;1466;5430;10370;4972;19912;7371;7329;28;124;548;164;396;684;184
1603;2367;11065;1461;3411;4682;6162;1451;5572;9960;4791;19649;7438;7473;28;124;548;164;396;684;184
1378;2239;11708;1547;3772;5161;5864;1460;5507;10216;5036;18894;7315;7141;28;124;548;164;396;684;184
1468;2330;11208;1497;3857;4859;6026;1711;5551;10159;4823;20363;7377;7298;28;124;548;164;396;684;184
1453;2421;11959;1495;4072;4917;5753;1525;5533;10731;4974;19226;7496;7496;28;124;548;164;396;684;184
1548;2397;11487;1559;3759;4864;5712;1467;5643;10413;5033;18991;7104;7110;28;124;548;164;396;684;184
1430;2340;11325;1527;3784;4820;5798;1507;5527;10303;4865;18727;7372;7557;28;124;548;164;396;684;184
1466;2389;11106;1497;3678;4883;6213;1503;5705;10137;4871;19352;7134;7010;28;124;548;164;396;684;184
1400;2349;11298;1526;3760;4798;6346;1485;5661;10218;4911;18915;7174;7412;28;124;548;164;396;684;184
1451;2316;11630;1511;3627;4917;5816;1434;5553;10235;4929;19197;7150;7176;28;124;548;164;396;684;184
1442;2392;11537;1564;3614;4761;6000;1443;5599;10394;5339;19416;7356;7371;28;124;548;164;396;684;184
1443;2408;11624;1483;3586;4918;6207;1472;5737;10451;5059;19693;7366;7331;28;124;548;164;396;684;184
1447;2297;11636;1556;3824;5146;5948;1484;5693;10288;4981;18727;7241;7211;28;124;548;164;396;684;184
1423;2276;11717;1522;3707;5179;6599;1462;5764;10136;5025;19726;7262;7188;28;124;548;164;396;684;184
1387;2211;11764;1585;3838;4938;5954;1404;5489;10286;5190;18603;7230;6936;28;124;548;164;396;684;184
1589;2282;11572;1472;4228;4822;5989;1477;5624;10184;4860;19558;7201;7339;28;124;548;164;396;684;184
1459;2319;11720;1552;3772;5221;6127;1489;5365;10244;4863;18821;7175;7255;28;124;548;164;396;684;184
1405;2313;11215;1505;3879;5118;5928;1524;5545;10313;4974;19908;7185;7203;28;124;548;164;396;684;184
1522;2330;11447;1478;3790;4822;6052;1478;5656;10435;4924;19208;7449;6915;28;124;548;164;396;684;184
1410;2294;11066;1513;3605;4963;5795;1469;5466;10718;4748;18911;7260;7097;28;124;548;164;396;684;184
1499;2292;11474;1519;3861;4814;5989;1432;5503;10135;4930;19037;7409;7312;28;124;548;164;396;684;184
1441;2370;11325;1696;3889;4902;5739;1485;5588;10348;4902;19352;7573;7241;28;124;548;164;396;684;184
1559;2390;11427;1450;3504;4605;5508;1509;5427;10212;4899;19543;7188;7487;28;124;548;164;396;684;184
1542;2235;11393;1513;3749;4650;6093;1465;5607;10138;5339;19047;7365;7232;28;124;548;164;396;684;184
1383;2228;11178;1598;3950;4822;5923;1395;5672;10394;4794;18524;7230;7235;28;124;548;164;396;684;184
1478;2304;11306;1513;3763;5060;6508;1544;5638;10527;4930;19155;7298;7553;28;124;548;164;396;684;184
1545;2216;11308;1537;3681;4918;5947;1409;5558;10571;5064;19476;7449;7271;28;124;548;164;396;684;184
1453;2272;11176;1546;3843;5048;5991;1429;5829;10543;5038;19942;7158;7303;28;124;548;164;396;684;184
1393;2336;11241;1558;3761;4884;5808;1496;5438;10661;4816;18843;7517;7159;28;124;548;164;396;684;184
1548;2399;11284;1592;3837;4872;6229;1501;5645;10297;5023;19090;7521;7294;28;124;548;164;396;684;184
1481;2375;11993;1585;3886;4841;5777;1533;5630;10190;4969;19161;7839;7260;28;124;548;164;396;684;184
1536;2342;11389;1509;3990;4864;5903;1505;5503;10355;5028;19274;7470;7140;28;124;548;164;396;684;184
1457;2371;11392;1524;3621;5324;6239;1448;5666;10586;4945;18730;7371;7275;28;124;548;164;396;684;184
1489;2320;11217;1494;3821;4739;6167;1470;5545;10306;4978;19772;7372;7339;28;124;548;164;396;684;184
1575;2352;11050;1500;4013;4808;5809;1475;5574;10255;4884;18803;7879;7477;28;124;548;164;396;684;184
1439;2402;11622;1535;3642;4771;5907;1499;5738;10432;5155;19496;7204;7454;28;124;548;164;396;684;184
1434;2345;11225;1516;3864;4897;5718;1416;5359;10222;5016;18705;7221;7373;28;124;548;164;396;684;184
1529;2347;11551;1514;4010;4972;5850;1583;5691;10281;4863;18874;7217;7105;28;124;548;164;396;684;184
1495;2207;11324;1570;3853;5005;5988;1425;5570;10042;4928;19601;7538;7548;28;124;548;164;396;684;184
1510;2251;11299;1479;3767;4929;6063;1474;5686;10191;4971;20322;7126;7174;28;124;548;164;396;684;184
1488;2318;11668;1555;3991;4693;5768;1452;5563;10415;5225;19261;7331;7298;28;124;548;164;396;684;184
1410;2300;11199;1474;3671;4739;6140;1396;5864;10748;5023;19387;7206;7105;28;124;548;164;396;684;184
1521;2381;11337;1496;3678;5185;5902;1427;5608;10406;4870;19745;7192;7447;28;124;548;164;396;684;184
1451;2255;11425;1584;3504;4877;6037;1446;5396;10161;4968;19711;7309;7523;28;124;548;164;396;684;184
1455;2269;11693;1574;3793;4991;6142;1493;5592;10215;5041;19376;7097;7357;28;124;548;164;396;684;184
1412;2320;11995;1552;3786;4877;5911;1426;5679;10333;4764;19098;7336;7481;28;124;548;164;396;684;184
1476;2202;11516;1525;3551;5193;6094;1452;5518;10187;4756;18966;7479;7482;28;124;548;164;396;684;184
1445;2274;11766;1489;3769;4820;5723;1484;5681;10454;4984;19575;7209;7099;28;124;548;164;396;684;184
1435;2368;11359;1527;3866;4775;6037;1516;5734;10554;5010;19047;7358;7610;28;124;548;164;396;684;184
1449;2287;11673;1583;3863;4857;6285;1489;5679;10334;5043;19690;7317;7276;28;124;548;164;396;684;184
1509;2415;11412;1472;3734;4906;6290;1444;5569;10667;4956;19126;7453;7441;28;124;548;164;396;684;184
1509;2288;12192;1587;3952;4771;6090;1481;5841;10703;5149;20229;7624;7417;28;124;548;164;396;684;184
1598;2327;11156;1591;3657;5010;6259;1563;5753;10105;4873;19921;7412;7128;28;124;548;164;396;684;184
1492;2463;11783;1591;3856;4796;6524;1533;5757;10866;4939;19492;7373;7498;28;124;548;164;396;684;184
1397;2360;11983;1590;3779;4940;6110;1511;5806;10023;4917;20246;7275;7765;28;124;548;164;396;684;184
1413;2336;11837;1683;3748;4864;5978;1472;5580;10219;4992;18969;7618;7289;28;124;548;164;396;684;184
1404;2303;10987;1470;3688;4635;5950;1395;5599;10317;5204;19584;7196;7166;28;124;548;164;396;684;184
1513;2348;10986;1481;3683;5176;5895;1432;5567;10326;4931;19429;7355;7161;28;124;548;164;396;684;184
1460;2281;10991;1527;3882;4994;5713;1506;5681;10018;4774;19102;7363;6897;28;124;548;164;396;684;184
1444;2344;11299;1431;4239;4703;6167;1420;5635;10251;5144;19192;7360;7279;28;124;548;164;396;684;184
1436;2358;11728;1578;3831;5045;6257;1471;5663;10331;4995;19341;7098;7173;28;124;548;164;396;684;184
1369;2284;10888;1556;3715;5007;5774;1457;5508;10400;5099;19741;7065;7282;28;124;548;164;396;684;184
1573;2312;11695;1513;3848;4706;5712;1422;5565;10349;4863;19498;7275;7103;28;124;548;164;396;684;184
1411;2370;11449;1556;3878;4845;6625;1577;5644;10441;5093;19869;7358;7236;28;124;548;164;396;684;184
1450;2308;11265;1503;4050;4764;5841;1412;5657;10072;4920;19307;7601;6989;28;124;548;164;396;684;184
1664;2308;11425;1462;3827;4785;5906;1459;5692;10502;5121;19931;7216;7355;28;124;548;164;396;684;184
1419;2289;11219;1579;3591;4809;6044;1491;5455;10617;5185;20100;7283;7396;28;124;548;164;396;684;184
1433;2193;11228;1558;3609;4794;6278;1490;5604;10498;4886;18985;7319;7354;28;124;548;164;396;684;184
1451;2198;11985;1581;3685;5127;5848;1464;5710;9973;5009;19472;7315;6981;28;124;548;164;396;684;184
1510;2314;11343;1497;3914;4873;5661;1474;5533;10401;4905;19396;7296;7293;28;124;548;164;396;684;184
1428;2376;11273;1517;3787;5307;5975;1496;5483;10470;4917;19097;7483;7053;28;124;548;164;396;684;184
1440;2376;11525;1534;3684;5068;6109;1651;5622;10065;4890;19267;7323;7173;28;124;548;164;396;684;184
1453;2327;11387;1542;3758;4996;6132;1463;5638;10350;4829;19722;7821;7383;28;124;548;164;396;684;184
1435;2372;12056;1572;3893;4973;6307;1529;5539;10201;5091;19500;7131;7024;28;124;548;164;396;684;184
1519;2346;11058;1546;3843;5170;6017;1452;5626;10276;5159;19479;7269;6878;28;124;548;164;396;684;184
1431;2298;12087;1525;4002;4802;6614;1572;5629;10752;4908;19316;7347;7217;28;124;548;164;396;684;184
1504;2363;11703;1577;3944;4962;6301;1463;5537;10489;4881;19738;7757;7345;28;124;548;164;396;684;184
1480;2343;11561;1472;3820;4689;6109;1420;5632;10384;4835;19613;7201;7308;28;124;548;164;396;684;184
1470;2273;11365;1511;3526;4836;6076;1483;5405;10452;4929;19221;7093;7307;28;124;548;164;396;684;184
1522;2291;11428;1509;3593;4847;6518;1552;5464;10554;4869;18974;7118;7274;28;124;548;164;396;684;184
1510;2449;11336;1563;3966;4908;6104;1525;5579;10345;4904;19415;7104;7527;28;124;548;164;396;684;184
1519;2313;11203;1522;3658;4711;6033;1445;5579;9955;4742;19076;7022;7341;28;124;548;164;396;684;184
1427;2303;11131;1519;3890;4832;5579;1530;5473;10391;4994;19275;7159;7047;28;124;548;164;396;684;184
1453;2478;11335;1549;3833;4925;5856;1437;5414;10115;4838;19030;7313;7437;28;124;548;164;396;684;184
1471;2412;11878;1505;3878;4644;5973;1492;5599;10477;4907;19216;7447;7190;28;124;548;164;396;684;184
1475;2431;11740;1556;3755;4896;5954;1534;5653;10386;4809;19253;7421;7269;28;124;548;164;396;684;184
1392;2340;11464;1524;3900;5070;6326;1515;5618;10323;4880;18971;7231;7494;28;124;548;164;396;684;184
1464;2263;11350;1473;4186;5071;6410;1429;5798;10524;5012;24674;7299;7571;28;124;548;164;396;684;184
1406;2276;12004;1620;3830;4800;5647;1470;5522;10454;4956;19630;7563;7282;28;124;548;164;396;684;184
1461;2302;11280;1561;3815;5217;6072;1513;5485;10275;5033;19703;7225;7115;28;124;548;164;396;684;184
1524;2313;11631;1513;3620;4781;5993;1405;5688;11082;4889;23832;7201;6942;28;124;548;164;396;684;184
1388;2235;11501;1464;3603;4694;6050;1492;5539;10204;5000;23600;7320;7494;28;124;548;164;396;684;184
1403;2359;11454;1605;3805;4899;6071;1426;5524;10520;4817;24486;7239;7233;28;124;548;164;396;684;184
1422;2286;12396;1486;3794;4954;5946;1540;5652;10134;4986;19032;7277;6972;28;124;548;164;396;684;184
1425;2297;11381;1509;3874;5131;5663;1503;5911;10440;4883;18987;7461;7279;28;124;548;164;396;684;184
1438;2318;10955;1509;3810;5003;5882;1431;5730;10396;4892;18569;7208;7178;28;124;548;164;396;684;184
1431;2330;11563;1566;3981;5328;5885;1400;5671;10380;5215;19779;7515;7184;28;124;548;164;396;684;184
1514;2437;11673;1479;3713;4693;5869;1494;5654;10456;5119;19529;7373;7279;28;124;548;164;396;684;184
1506;2257;11654;1549;3787;4998;6429;1525;5804;10396;4952;20389;7713;7470;28;124;548;164;396;684;184
1488;2256;11323;1568;4112;5017;5977;1487;5713;10497;5043;19153;7626;7426;28;124;548;164;396;684;184
1526;2442;12014;1517;3707;5002;5826;1550;5733;10661;4948;19414;7350;7374;28;124;548;164;396;684;184
1477;2343;11774;1551;3758;4701;6291;1521;5790;10559;5242;19298;7494;7313;28;124;548;164;396;684;184
1423;2334;11595;1571;3891;5146;6148;1488;5686;10493;5140;20045;7424;7503;28;124;548;164;396;684;184
1456;2380;11933;1561;3870;5395;6196;1526;5637;10717;5048;20223;7806;7702;28;124;548;164;396;684;184
1556;2417;11941;1621;3934;5205;6402;1523;5608;10609;5192;20051;7608;7495;28;124;548;164;396;684;184
1495;2271;11721;1443;3749;5061;6038;1458;5950;10670;4940;19494;7470;7447;28;124;548;164;396;684;184
1590;2338;11374;1597;3834;4818;6671;1523;5717;10654;5069;19827;7435;7519;28;124;548;164;396;684;184
1475;2286;11275;1564;3908;4720;5855;1489;5718;10317;5132;24601;7455;7156;28;124;548;164;396;684;184
1469;2244;11367;1457;3782;4846;5713;1440;5711;10300;5090;20164;7604;7362;28;124;548;164;396;684;184
1411;2379;11692;1575;4191;4953;6080;1576;5904;10429;4999;19874;7690;7228;28;124;548;164;396;684;184
1431;2394;11468;1560;3806;5445;6428;1519;5609;10534;4961;19589;7827;7560;28;124;548;164;396;684;184
1432;2273;11369;1527;3746;4723;6100;1471;5893;10500;4835;19874;7618;7167;28;124;548;164;396;684;184
1491;2289;11343;1564;3832;4897;6023;1490;5739;10483;5670;20156;7349;7520;28;124;548;164;396;684;184
1470;2286;11370;1537;3606;4620;6068;1594;5710;10620;5084;19226;7380;7399;28;124;548;164;396;684;184
1443;2277;11171;1591;3868;4729;6005;1478;5768;10214;4788;18741;7643;7246;28;124;548;164;396;684;184
1473;2463;11476;1580;3860;5094;5857;1450;5567;10507;4865;19757;7516;7291;28;124;548;164;396;684;184
1455;2428;11526;1519;3724;4641;5901;1465;5492;10741;4968;19313;7184;7091;28;124;548;164;396;684;184
1516;2312;11553;1486;3763;4953;5752;1394;5783;10264;4985;19155;7149;7334;28;124;548;164;396;684;184
1436;2281;11387;1534;3922;5017;5617;1488;5692;10310;5037;19077;7501;7243;28;124;548;164;396;684;184
1483;2264;12288;1567;3715;4787;5476;1479;5631;10077;4934;19036;7492;7052;28;124;548;164;396;684;184
1620;2467;11476;1517;3746;4961;6100;1453;5531;10269;4957;18466;7302;7280;28;124;548;164;396;684;184
1629;2243;11726;1443;3623;4728;6039;1480;5711;10348;4803;18958;7324;7193;28;124;548;164;396;684;184
1529;2431;11276;1479;3831;4979;6055;1489;5475;10297;4912;18869;7475;7214;28;124;548;164;396;684;184
1530;2393;11139;1555;3756;4965;5966;1435;5491;10400;5063;19372;7146;7247;28;124;548;164;396;684;184
1424;2272;11311;1518;3399;4854;5675;1530;5623;10278;5172;19064;7400;7382;28;124;548;164;396;684;184
1445;2201;12371;1582;3878;5456;6143;1393;5873;10510;4994;19832;7145;7097;28;124;548;164;396;684;184
1395;2316;11365;1502;3740;4787;5845;1514;5661;10490;4923;19057;7319;7183;28;124;548;164;396;684;184
1448;2424;11871;1482;3880;4781;5835;1473;5606;10489;5060;19305;7267;7128;28;124;548;164;396;684;184
1474;2330;11554;1582;3954;4997;6176;1433;5513;10272;5175;19585;7421;7073;28;124;548;164;396;684;184
1420;2266;10890;1625;3829;4838;5632;1461;5600;10434;4818;19284;7515;7084;28;124;548;164;396;684;184
1484;2411;11859;1617;3783;5461;6163;1508;5602;10092;4981;18903;7215;7210;28;124;548;164;396;684;184
1459;2300;12430;1597;3599;5007;5828;1487;5590;10359;4952;19498;7378;7162;28;124;548;164;396;684;184
1482;2303;10972;1474;3978;4604;6017;1456;5696;10077;5159;19520;7276;7189;28;124;548;164;396;684;184
1434;2326;11500;1562;3783;4671;6024;1461;5792;10325;4809;19170;7324;7120;28;124;548;164;396;684;184
1505;2404;11330;1504;3977;4715;6283;1471;5657;10077;4920;19695;7542;7325;28;124;548;164;396;684;184
1443;2315;11291;1423;3640;4880;6061;1511;5748;10290;4812;19416;7456;7285;28;124;548;164;396;684;184
1516;2259;11832;1573;3820;5393;6193;1488;5615;10364;5359;19332;7097;7346;28;124;548;164;396;684;184
1454;2223;11066;1567;3637;5060;5995;1490;5686;10935;5126;20012;7478;7681;28;124;548;164;396;684;184
1471;2445;11767;1504;4197;4964;6711;1510;5732;10626;4979;20332;7635;7529;28;124;548;164;396;684;184
1611;2597;12177;1611;3829;4790;5941;1511;5651;10116;5014;20512;7683;7554;28;124;548;164;396;684;184
1565;2344;11366;1575;4046;5162;5952;1454;5666;10633;5119;19367;7409;7569;28;124;548;164;396;684;184
1458;2457;11072;1696;3847;4888;6473;1510;5666;10254;4857;19367;7564;7495;28;124;548;164;396;684;184
1523;2230;11398;1592;3638;4854;6010;1499;5674;10518;4901;19451;7383;7075;28;124;548;164;396;684;184
1559;2389;11143;1586;3706;4993;6465;1486;5551;10387;5094;19608;7351;7106;28;124;548;164;396;684;184
1463;2370;11494;1545;3629;4802;5970;1543;5752;10480;5208;19478;7348;7502;28;124;548;164;396;684;184
1480;2314;11555;1593;3669;4999;5967;1436;5843;10802;5199;19797;7456;7564;28;124;548;164;396;684;184
1457;2431;12102;1636;4055;4703;6424;1618;5710;10755;5044;20365;7643;7339;28;124;548;164;396;684;184
1420;2354;11712;1534;3950;5043;6147;1528;5836;10629;5425;19183;7471;7420;28;124;548;164;396;684;184
1550;2373;11542;1538;3812;4928;6082;1536;5840;10580;4918;19405;7354;7546;28;124;548;164;396;684;184
1431;2350;11830;1631;3946;5129;5995;1473;6021;10604;5152;19343;7683;7361;28;124;548;164;396;684;184
1457;2438;11571;1511;4004;5180;6200;1543;5794;10488;5051;20804;7752;7539;28;124;548;164;396;684;184
1569;2291;11087;1491;3956;5150;6141;1527;5678;10788;4991;19279;7454;7503;28;124;548;164;396;684;184
1552;2333;11658;1520;3862;4775;6472;1494;5788;10704;4975;19523;7465;7479;28;124;548;164;396;684;184
1470;2455;11742;1587;3807;4883;6195;1512;5734;10782;5222;20459;7700;7297;28;124;548;164;396;684;184
1429;2369;11544;1560;3980;5149;6006;1476;5722;10905;5266;19518;7424;7315;28;124;548;164;396;684;184
1493;2260;11813;1441;3878;4799;6364;1469;5838;10394;5119;19778;7574;7695;28;124;548;164;396;684;184
1417;2335;11261;1662;3748;5205;5964;1487;5630;10345;5037;19968;7553;7509;28;124;548;164;396;684;184
1401;2386;11918;1484;3939;5025;5973;1580;5808;10947;5145;19503;7243;7344;28;124;548;164;396;684;184
1438;2381;11450;1556;3814;5030;6393;1453;5802;10373;5286;19577;7636;7541;28;124;548;164;396;684;184
1409;2310;11665;1536;4089;4781;6238;1477;5796;10631;5078;20021;7284;7673;28;124;548;164;396;684;184
1539;2368;10918;1509;4001;5581;5876;1488;5800;10478;5087;19790;7366;7423;28;124;548;164;396;684;184
1446;2436;12360;1571;3812;5067;5637;1532;5597;10387;5076;19831;7529;7245;28;124;548;164;396;684;184
1504;2317;11615;1543;3725;4430;6166;1459;5454;10423;4836;19225;7399;7045;28;124;548;164;396;684;184
1538;2310;11607;1480;3535;4853;5758;1634;5406;10249;4940;19158;7458;7427;28;124;548;164;396;684;184
1479;2329;12032;1502;3801;5166;5722;1449;5461;10102;5021;19114;7286;7155;28;124;548;164;396;684;184
1597;2463;11390;1526;3948;4915;5795;1498;5595;9918;4738;19087;7325;7120;28;124;548;164;396;684;184
1442;2362;10831;1589;3731;4809;6229;1536;5577;10337;4816;19296;7149;7153;28;124;548;164;396;684;184
1489;2306;11714;1650;4057;4600;5809;1443;5769;10085;4856;18587;7172;7008;28;124;548;164;396;684;184
1516;2240;11481;1504;3645;4922;6131;1393;5646;10329;4920;19162;7236;7414;28;124;548;164;396;684;184
1509;2349;11133;1521;3526;4664;5855;1466;5627;10588;4907;19944;7475;7317;28;124;548;164;396;684;184
1476;2362;11716;1630;3696;5080;6269;1490;5465;10276;5101;19093;7320;7239;28;124;548;164;396;684;184
1479;2451;11486;1528;3701;4964;5949;1456;5746;10391;4899;19517;7295;7454;28;124;548;164;396;684;184
1401;2326;11357;1504;4067;4875;5795;1443;5574;10045;4979;19163;7604;7101;28;124;548;164;396;684;184
1457;2354;11735;1539;3932;4680;5738;1390;5649;10213;4970;19334;7585;7204;28;124;548;164;396;684;184
1488;2227;10693;1556;3924;4758;5889;1441;5396;10451;5448;19514;7291;7367;28;124;548;164;396;684;184
1501;2516;11508;1480;3792;4869;5763;1492;5760;10207;4935;19311;7403;7252;28;124;548;164;396;684;184
1462;2312;11901;1523;3738;5182;5880;1476;5544;10264;4993;18936;7533;7548;28;124;548;164;396;684;184
1474;2353;11366;1603;3723;4610;6131;1527;5614;10253;5025;19393;7408;7500;28;124;548;164;396;684;184
1459;2300;11093;1493;3776;5023;6216;1492;5628;10468;4989;19827;7204;7264;28;124;548;164;396;684;184
1387;2278;11151;1484;3952;5006;6107;1557;5556;10193;4922;19741;7410;7250;28;124;548;164;396;684;184
1540;2335;11432;1533;3671;4648;5963;1556;5479;10258;5019;19657;7251;7167;28;124;548;164;396;684;184
1661;2325;11253;1427;3736;4932;5895;1521;5657;10145;4746;20068;7485;7428;28;124;548;164;396;684;184
1451;2357;11696;1609;3558;4998;6092;1445;5577;10561;4909;19583;7207;7013;28;124;548;164;396;684;184
1487;2259;11600;1494;3560;4532;6100;1498;5608;10360;4828;18239;7165;7099;28;124;548;164;396;684;184
1432;2273;11282;1649;3699;5247;6072;1438;5563;10073;5186;19317;7258;7488;28;124;548;164;396;684;184
1425;2407;11564;1491;3468;4575;5829;1487;5508;10219;4714;19745;7178;7046;28;124;548;164;396;684;184
1389;2301;10829;1442;3970;4781;5919;1409;5684;10294;4922;19642;7308;7226;28;124;548;164;396;684;184
1480;2302;11175;1590;3767;4787;6602;1463;5584;10034;4883;18931;7165;7163;28;124;548;164;396;684;184
1388;2206;11559;1501;3890;4816;5864;1499;5670;10328;5006;19310;7640;7273;28;124;548;164;396;684;184
1540;2353;11757;1508;3749;4702;5754;1522;5406;9926;4824;18984;7231;7201;28;124;548;164;396;684;184
1425;2305;11222;1496;3804;4785;5874;1534;5525;10560;4987;19060;7273;7087;28;124;548;164;396;684;184
1507;2301;11326;1564;3849;4878;6350;1440;5842;10226;5118;19273;7465;7254;28;124;548;164;396;684;184
1530;2282;11746;1477;3975;4705;6038;1452;5538;10311;5111;18616;7498;7216;28;124;548;164;396;684;184
1563;2389;11433;1496;3736;4934;5886;1440;5583;10406;4885;19490;7468;6850;28;124;548;164;396;684;184
1421;2328;10720;1497;3752;4786;5829;1521;5449;10401;5093;18895;7188;7161;28;124;548;164;396;684;184
1507;2399;11904;1576;3895;5039;6075;1487;5951;10762;5146;19892;7488;7419;28;124;548;164;396;684;184
1436;2406;11522;1593;3775;5136;6101;1483;5601;10360;4975;19474;7688;7202;28;124;548;164;396;684;184
1491;2546;11733;1540;3742;5211;5545;1494;5716;10222;5008;19870;7129;7162;28;124;548;164;396;684;184
1496;2389;11532;1465;3588;4822;6403;1449;5686;10452;4901;18992;7248;7306;28;124;548;164;396;684;184
1467;2250;11208;1443;3640;4979;6013;1490;5445;10193;4925;18919;7128;7348;28;124;548;164;396;684;184
1461;2424;12144;1580;3904;4735;6068;1486;5593;10654;4901;19740;7190;7207;28;124;548;164;396;684;184
1567;2252;11762;1602;3821;4933;6008;1417;5596;10681;5029;19820;7515;7352;28;124;548;164;396;684;184
1415;2377;11503;1551;3989;5049;6003;1489;5734;10572;4856;19278;7333;6983;28;124;548;164;396;684;184
1392;2384;11139;1512;3825;5544;5912;1468;5668;10108;4746;19581;7387;7358;28;124;548;164;396;684;184
1533;2350;11481;1504;3702;5022;6327;1455;5505;10183;4765;19582;7367;7054;28;124;548;164;396;684;184
1384;2188;11632;1516;3864;5004;6295;1429;5632;10428;5003;19094;7164;7370;28;124;548;164;396;684;184
1378;2271;11312;1553;3709;5206;6168;1433;5673;10441;5109;20042;7050;7433;28;124;548;164;396;684;184
1487;2300;11250;1582;3864;5037;5963;1528;5552;10282;4952;19389;7383;7889;28;124;548;164;396;684;184
1431;2326;11794;1517;3692;4751;6171;1510;5616;10393;4993;19655;7230;7180;28;124;548;164;396;684;184
1451;2358;11306;1554;3733;4486;6233;1459;5550;10399;5011;19138;7233;7207;28;124;548;164;396;684;184
1399;2257;11142;1465;3957;4589;5863;1454;5875;10119;4925;19168;7405;7195;28;124;548;164;396;684;184
1423;2293;11301;1640;4052;4634;5917;1420;5566;10478;4733;18936;7524;7417;28;124;548;164;396;684;184
1485;2452;11296;1529;3778;4939;5996;1502;5510;10010;4982;19512;7213;7272;28;124;548;164;396;684;184
1462;2301;11203;1567;3843;5024;5997;1502;5625;10286;4809;18888;7126;7408;28;124;548;164;396;684;184
1491;2305;11282;1481;3732;4737;6227;1511;5787;10181;4758;18862;7398;7060;28;124;548;164;396;684;184
1542;2345;11318;1471;3637;5566;6478;1521;5504;10288;5012;19093;7304;7123;28;124;548;164;396;684;184
1623;2323;12077;1515;3842;4776;5705;1465;5475;10274;4917;19251;7097;7043;28;124;548;164;396;684;184
1521;2296;11925;1479;3699;4537;5742;1448;5519;10378;5085;19415;7290;6973;28;124;548;164;396;684;184
1419;2260;11187;1507;3722;4867;5922;1494;5731;10246;4808;18807;7347;7147;28;124;548;164;396;684;184
1498;2231;11918;1517;3606;4957;6154;1454;5703;10404;4942;19367;7158;7454;28;124;548;164;396;684;184
1427;2267;11195;1526;3674;4727;6116;1486;5605;10135;5020;19325;7266;7315;28;124;548;164;396;684;184
1501;2368;11258;1534;3790;4676;5877;1471;5419;9940;4754;19303;7215;7390;28;124;548;164;396;684;184
1475;2377;11688;1622;3625;4751;5894;1452;5590;10607;4783;19187;7078;7448;28;124;548;164;396;684;184
1499;2366;11310;1470;3814;4731;5933;1445;5306;10211;4855;18739;7191;7344;28;124;548;164;396;684;184
1490;2354;11721;1547;3933;5107;6019;1472;5498;10317;4901;18820;7429;7147;28;124;548;164;396;684;184
1516;2386;11439;1514;3557;5050;6349;1472;5628;10217;5021;19292;7230;7185;28;124;548;164;396;684;184
1501;2390;10998;1601;3794;4743;6232;1492;5571;10455;4751;19045;7268;7322;28;124;548;164;396;684;184
1414;2332;11462;1541;3951;4779;6054;1504;5565;10379;4810;19203;7293;7089;28;124;548;164;396;684;184
1434;2316;10725;1480;3755;4811;5866;1519;5864;10435;4986;18938;7570;7076;28;124;548;164;396;684;184
1415;2455;11554;1680;3889;4816;5743;1507;5535;10273;4945;19962;7305;7035;28;124;548;164;396;684;184
1433;2269;11804;1483;3731;4705;5893;1494;5548;10642;4767;19102;7169;7266;28;124;548;164;396;684;184
1561;2248;10823;1561;3864;4894;5824;1464;5675;10254;4893;19395;7195;7031;28;124;548;164;396;684;184
1454;2235;11583;1656;3840;5165;6334;1445;5627;10512;4851;18719;7526;7377;28;124;548;164;396;684;184
1536;2283;10724;1565;3652;4797;5806;1526;5806;10139;5093;18976;7461;6995;28;124;548;164;396;684;184
1486;2296;11064;1611;3613;4656;5765;1426;5327;10084;5096;19007;7159;7107;28;124;548;164;396;684;184
1463;2379;11531;1496;3755;4931;5726;1477;5712;10346;4883;19066;7373;7005;28;124;548;164;396;684;184
1424;2316;10987;1482;3645;5008;6059;1519;5564;10128;4833;18756;7268;7954;28;124;548;164;396;684;184
1397;2332;11386;1558;3677;4841;5880;1450;5631;10091;4936;18884;7646;7431;28;124;548;164;396;684;184
1548;2368;11467;1538;4013;4536;5781;1426;5622;10331;4830;19272;7395;7255;28;124;548;164;396;684;184
1361;2255;10598;1478;3866;4894;5758;1455;5452;10272;5111;19801;7255;7149;28;124;548;164;396;684;184
1444;2258;11354;1490;3975;4833;6150;1500;5709;10300;4911;19044;7313;7199;28;124;548;164;396;684;184
1418;2299;12224;1443;3980;4859;6084;1518;5571;10066;5111;18593;7475;7273;28;124;548;164;396;684;184
1442;2463;11422;1472;3952;5068;5944;1471;5563;10334;4921;19282;7093;7170;28;124;548;164;396;684;184
1465;2358;12665;1591;3922;4590;5858;1492;5553;10438;4939;19715;7399;7129;28;124;548;164;396;684;184
1520;2313;11285;1529;4013;4831;5947;1471;5569;10226;4798;19079;7365;7273;28;124;548;164;396;684;184
1520;2184;11971;1555;3822;4733;6475;1448;5697;10240;4938;18919;7267;7233;28;124;548;164;396;684;184
1476;2456;10971;1536;3799;4703;5930;1432;5529;10428;5069;18839;7140;7131;28;124;548;164;396;684;184
1539;2287;11739;1492;3854;5022;5922;1519;5665;10884;4834;18837;7166;7114;28;124;548;164;396;684;184
1518;2325;11270;1609;3716;5265;5927;1475;5493;10466;4723;19521;6963;7469;28;124;548;164;396;684;184
1416;2336;11420;1505;3743;4886;5702;1514;5591;10426;5034;19439;7433;7272;28;124;548;164;396;684;184
1404;2285;10912;1531;3823;4864;5814;1452;5663;9971;5126;19809;7408;7219;28;124;548;164;396;684;184
1460;2271;11516;1634;3803;4900;6107;1507;5669;10686;5060;19250;7503;7366;28;124;548;164;396;684;184
1448;2255;11599;1636;3645;5055;6208;1514;5454;10279;4966;18818;7213;7181;28;124;548;164;396;684;184
1412;2387;11770;1582;3880;4929;5659;1474;5606;10332;4905;24043;7198;7619;28;124;548;164;396;684;184
1508;2476;11957;1382;3647;4684;5879;1523;5467;10252;5171;18786;7137;7033;28;124;548;164;396;684;184
1548;2267;11676;1531;3749;5049;5854;1426;5602;10391;4946;18846;7166;7177;28;124;548;164;396;684;184
1363;2240;11178;1635;3965;5134;6234;1418;5506;10275;4839;19023;7264;7663;28;124;548;164;396;684;184
1428;2341;11413;1600;3890;5054;5892;1488;5532;10117;5014;19281;7135;7203;28;124;548;164;396;684;184
1441;2268;11454;1536;3578;4741;5865;1454;5690;10127;4898;19683;7301;7179;28;124;548;164;396;684;184
1427;2232;11679;1487;3754;5137;5831;1488;5629;10434;4815;19534;7435;7312;28;124;548;164;396;684;184
1428;2377;10814;1584;3763;4770;6191;1518;5526;10277;4957;18724;7207;7209;28;124;548;164;396;684;184
1459;2335;11880;1613;4610;5103;5817;1459;5560;10259;4987;20021;7422;7183;28;124;548;164;396;684;184
1538;2345;11498;1630;3825;4715;6107;1467;5669;10170;4833;19130;7258;7102;28;124;548;164;396;684;184
1412;2242;11268;1507;4054;4646;5940;1551;5511;10892;4956;19594;7311;7218;28;124;548;164;396;684;184
1377;2393;11334;1536;3943;4876;5985;1416;5661;10621;4878;18828;7224;7041;28;124;548;164;396;684;184
1375;2322;11481;1466;3947;5007;6173;1469;5430;10375;4940;19513;7583;7472;28;124;548;164;396;684;184
1445;2283;11129;1534;3803;4881;6282;1501;5800;10336;4914;20260;7522;7315;28;124;548;164;396;684;184
1414;2337;11401;1471;3638;5720;6342;1524;5954;10607;4860;18684;7422;6919;28;124;548;164;396;684;184
1516;2310;11443;1485;4014;4968;6094;1555;5755;10695;4945;19311;7519;7263;28;124;548;164;396;684;184
1443;2417;11957;1572;3648;4616;5816;1512;5542;10107;5110;20387;7338;7047;28;124;548;164;396;684;184
1464;2276;12170;1463;3891;4959;5907;1493;5670;10443;5197;19756;7401;7047;28;124;548;164;396;684;184
1399;2428;11390;1594;3664;4910;5820;1446;5689;10483;4916;19437;7379;7144;28;124;548;164;396;684;184
