svelte_with_browser_chromium;svelte_with_browser_firefox;svelte_with_browser_webkit;svelte-kit_with_browser_chromium;svelte-kit_with_browser_firefox;svelte-kit_with_browser_webkit;react_with_browser_chromium;react_with_browser_firefox;react_with_browser_webkit;react-vite_with_browser_chromium;react-vite_with_browser_firefox;react-vite_with_browser_webkit;react-next_with_browser_chromium;react-next_with_browser_firefox;react-next_with_browser_webkit;vue_with_browser_chromium;vue_with_browser_firefox;vue_with_browser_webkit;vue-nuxt_with_browser_chromium;vue-nuxt_with_browser_firefox;vue-nuxt_with_browser_webkit
15577;14006;13653;14529;14602;14920;14567;14729;13628;14424;13808;13902;14347;15267;14756;13336;13456;13602;13768;14255;14306
14442;14320;14518;14348;14580;14397;15458;15472;15333;15335;15271;15359;15620;15480;15424;15059;14856;14812;15094;15029;14719
14432;14306;14414;14538;14534;14423;15440;15521;15407;15149;15497;15413;15378;15436;15615;14714;14691;14730;15008;14810;14856
14647;14178;14404;14476;14423;14536;15584;15591;15243;15453;15362;15541;15441;15492;15551;14767;14686;14740;14865;15112;14958
14612;14154;14299;14738;14649;14330;15577;15431;15389;15325;15398;15495;15500;15333;15522;14881;14772;14727;14999;14146;15013
14679;14301;14199;14637;14673;14231;15336;15428;14872;15461;15460;14642;15466;15566;15219;14504;14584;14571;14531;15021;15010
14661;14279;13708;14368;14624;14346;15291;15362;15468;15324;15361;15281;15600;15504;15615;14826;14921;14925;15083;14917;15145
14647;14333;14686;14707;14780;14447;15327;15464;15475;15125;15312;15272;15504;15664;15512;14733;14629;14964;14891;14728;14946
14494;14629;14626;14655;14601;14460;15445;15398;15326;15395;15522;15448;15544;15685;15574;14831;14952;14712;14843;14816;14897
14580;14593;14234;14289;14543;14474;15380;15524;15212;15324;15333;15277;15349;15313;15502;14859;14805;14643;14788;15161;14935
14487;14345;14425;14638;14265;14659;15359;15376;15313;15584;15399;15272;15655;15007;15586;14697;14753;14857;14664;15020;14923
14570;14168;14363;14438;14703;14739;15557;15271;15328;15279;15479;15230;15289;15527;15341;14632;14652;14689;14856;14967;14940
14479;14083;13841;14222;14294;14583;15321;15241;15426;15248;15466;15466;15572;15426;15450;14642;14700;14676;14927;14662;15120
14588;14399;14390;14585;14581;14413;15506;15376;14949;15423;15388;15236;15400;15351;15306;14754;14728;14647;14895;14844;14762
14302;14497;14269;14666;14425;14510;15343;15361;15286;15361;15415;15320;14839;15537;14887;15034;14784;14423;14884;14988;14462
14630;13724;14598;14427;14474;14365;15352;15410;14944;15489;15336;14955;15452;15617;14741;14983;14870;14574;15001;14875;14820
14433;14187;14330;14542;14427;14372;15399;15204;15322;15314;15368;15375;15486;15520;15451;14693;14916;14809;15007;14950;14872
14450;14351;14245;14636;14417;14391;15457;15413;15390;15511;15414;15387;15432;15619;15418;14846;14593;14860;14675;15307;15030
14421;14463;14236;14365;14393;14522;15395;15399;15417;15405;15351;15471;15366;15302;15450;14840;14881;14659;14890;14877;14976
14573;14415;14329;14687;14374;14346;15357;15594;15375;15420;15291;15342;15424;15633;15246;14757;14825;15109;14928;14991;15002
14561;14388;14452;14372;14539;14562;15424;15464;15560;15559;15419;15460;15587;15526;15733;14856;14821;14759;14872;15003;14948
14729;14432;14329;14743;14430;14301;15266;15302;15430;15298;15268;15451;15583;15344;15404;14701;14755;14647;15024;15136;15026
14498;14223;14347;14306;14508;14464;15410;15381;15348;14529;15122;15307;15416;15129;15485;14167;14631;14833;14532;14978;14790
14493;14268;14631;14175;14587;14431;15341;15082;15513;15552;15199;15406;15460;15601;15375;14911;14843;14459;15124;14945;14947
14373;14348;14340;14127;14329;14533;15482;15096;15460;15218;15182;15188;15440;15329;15159;14564;14789;14643;15218;14997;14843
14412;14385;14390;14683;14721;14650;15358;15470;15266;15202;15059;15472;15523;15700;15479;14876;14774;14802;14965;14898;14864
14572;14330;14179;14752;14595;14407;15490;15129;15384;15148;15462;15352;15511;15635;15381;14967;14806;14924;15210;14768;14736
14620;14410;14180;14518;14435;14462;15609;15551;15301;15497;15431;15397;15471;15391;15368;14647;14732;14860;14990;14922;14920
14478;14206;14401;14608;14660;14373;15514;15384;15454;15601;15486;15443;15459;15319;15629;15110;14773;14660;15185;14832;15008
14395;14333;14345;14573;14556;14511;15387;15271;15548;15361;15334;15428;15269;15367;15568;14877;14734;14821;14954;14967;14965
14695;14404;14151;14374;14403;14598;15321;15217;15307;15358;15256;15456;15512;15375;15280;14525;14774;14598;14770;14972;14834
14384;14610;13975;14511;14405;14599;14957;15405;15420;14951;15337;15473;15300;15631;15553;14868;14744;14786;14898;13254;15013
13697;14493;14460;14565;14533;14176;15521;15399;15156;15323;15316;15186;15344;15502;15507;14599;14724;14538;14903;15069;15073
14585;14318;14199;14545;14589;14632;15516;15194;15263;15499;15344;15277;15586;15618;15656;14839;14681;14948;15103;14974;14960
14447;14264;14357;14697;14314;14578;15516;15307;15487;15247;15443;15500;15343;15423;15457;14958;14686;14845;14986;14950;14913
14610;14273;14430;14423;14025;14433;15429;15328;15568;15638;15441;15362;15618;15486;15467;14938;14623;14661;14801;15104;15094
14457;14619;14318;14599;14552;14427;15465;15450;15149;15291;15420;15445;15518;15130;15483;14616;14717;14720;14902;14867;14775
14562;14476;14351;14592;14595;14609;15448;15253;15441;15424;15472;15239;15463;15295;15354;14731;14656;14681;14781;14711;14834
14446;14298;14524;14562;14431;14382;15319;14877;15396;14803;15272;14707;15663;15429;15130;14927;14772;13435;14922;14997;14969
14651;14053;13992;14438;14517;14593;15173;15495;15230;15096;15344;15240;15124;15608;15385;14298;15003;14819;14979;14786;14705
14525;14350;14254;14597;14552;14518;15456;15476;15478;15188;15368;15459;15604;15508;15561;14796;14604;14774;14872;14887;15001
14716;14446;14280;14484;14612;14521;15371;15567;15399;15517;15490;15398;15467;15870;15457;14595;14753;14879;15051;14870;14976
14614;14481;14455;14577;14654;14603;15371;15355;15401;15520;15329;15327;15615;15689;15452;14916;14835;14820;14823;14967;14992
14760;14327;14459;14521;14478;14423;15523;15426;15461;15523;15440;15390;15669;15678;15394;14811;14821;14781;14931;14999;14811
14685;14379;14400;14638;14418;14278;15514;15435;15530;15323;15357;15479;15594;15545;15647;15024;14799;14756;14996;15142;15174
14590;14436;14420;14704;14564;14656;15239;15438;15410;15368;15231;15332;15770;15483;15550;14928;14926;14604;14920;15042;14873
14492;14718;14401;14514;14727;14482;15256;15338;15239;15548;15135;15172;15554;15467;15370;14676;14821;14590;14963;15085;14741
14829;14558;14234;14415;14572;14565;15272;15362;15356;15323;15490;15415;15764;15475;15643;14950;14703;14766;15051;15216;15016
14607;14281;14381;14327;14844;14828;15421;15441;15381;15254;15557;15366;15684;15253;15350;14824;14768;14764;14978;15103;15086
14501;14143;14233;14442;14194;14222;15536;15221;15419;15354;15273;15158;15556;15431;15148;14713;14706;14207;15048;15093;14364
14727;14211;14343;14541;14568;14425;15410;15266;14182;15487;15299;14822;15422;15432;15044;14797;14680;14700;14563;15139;14854
14497;14307;14127;14544;14595;14573;15319;15291;15321;15470;15296;15420;15544;15497;15388;14946;14850;14610;15061;15035;14924
14723;14400;14297;14645;14652;14535;15296;15501;15275;15382;15383;15338;15312;15532;15451;14740;14688;14723;14959;14926;15234
14631;14353;14582;14702;14538;14399;15540;15347;15536;15307;15390;15540;15274;15362;15479;14637;14661;14891;14719;14974;14927
14471;14450;14309;14628;14888;14763;15449;15379;15435;15333;15446;15316;15458;15543;15513;15013;14951;14639;15009;15219;15093
14246;14047;14126;14564;14662;14574;15502;15334;15417;15340;15469;15282;15576;15493;15593;14800;14760;14631;15040;14365;15016
14719;14181;14286;14613;14394;14597;15572;15395;15347;15435;15538;15426;15359;15380;15644;14902;14935;14619;14900;14899;14843
14480;14559;14584;14506;14506;14494;15441;15458;15374;15505;15397;15337;15455;15517;15312;14645;14821;14730;15124;14993;14904
14499;14288;14386;14530;14541;14600;15250;15595;15476;15439;15244;15308;15405;15615;15461;14806;14805;14908;15064;14745;14918
14772;13890;14460;14276;14353;14214;15382;15434;15502;15101;15348;15324;15308;15508;15359;14432;14826;14773;14490;15172;15015
14297;14436;14355;13927;14359;14607;15300;15069;15440;15487;15376;15502;15479;15655;15450;14937;14978;14807;14919;14934;15000
14538;14473;14484;14569;14466;14450;15451;15211;15261;15503;15422;15359;15461;15684;15480;14755;14451;14709;15009;15026;14692
14552;14357;14430;14777;14575;14414;15458;15180;15586;15400;15195;15475;15461;15414;15493;14694;14916;14704;14867;14937;15065
14668;14278;14326;14430;14619;14415;15481;15344;15389;15356;15444;15434;15495;15523;15627;14786;14799;14656;14810;15015;15034
14583;14210;14355;14773;14427;14388;15490;15335;15418;15273;15391;15138;15610;15470;15553;14624;14846;14856;14882;14612;14960
14510;14561;14509;14592;14556;14540;15169;15347;15270;15337;15288;15407;15581;15487;15262;14661;14340;14256;14958;14778;14927
14429;14304;14182;14349;14464;14370;15315;15441;15223;15457;15418;15546;15367;15513;15208;14767;14697;14771;15015;14860;14881
14521;14085;14393;14362;14635;14332;15384;15288;15248;15465;15168;15396;15220;15319;15370;14827;14683;14444;14259;15045;14596
14095;14337;14513;14054;14691;14591;15565;14813;15291;15369;15051;15393;15608;14246;15379;14790;14056;14874;14836;14828;14305
14521;14368;14453;14504;14275;14698;15428;15449;15308;15295;15414;15313;15375;15413;15446;14714;14731;14767;14900;15006;15027
14772;14154;14434;14391;14440;14542;15287;15498;15605;15387;15287;15489;15463;15461;15633;14609;14710;14608;14940;14940;14844
14529;14471;14348;14476;14494;14404;15120;15392;15195;15471;15277;15316;15589;15794;15455;14873;14856;14667;14800;15004;15135
14583;14442;14425;14535;14498;14256;15471;15426;15350;15407;15360;15240;15355;15307;15308;14676;14624;14774;15122;14719;14912
14445;14048;14503;14473;14530;14467;15385;15318;15553;15300;15231;15459;15493;15534;15351;14709;14671;14750;14962;14852;14602
14415;14261;14359;14723;14380;14656;15257;15463;15426;15491;15313;15391;15167;15467;15582;14962;14755;14736;14909;14919;14986
14340;14534;14159;14638;14691;14416;15488;15351;15307;15079;15348;15492;15578;15441;15488;14782;15023;14894;15145;15006;14922
14676;14335;14440;14245;14151;14093;15199;15587;15399;15375;15386;15229;15496;15421;15672;14804;14868;14667;14900;15042;15078
14818;14555;14524;14619;14475;14664;15515;15371;15388;15346;15347;15372;15590;15705;15397;14849;14535;14717;15047;14962;14905
14612;14550;14253;14685;14551;14619;15441;15363;15461;15403;15332;15563;15582;15453;15469;14760;14919;14899;15027;15033;15019
14731;14382;14531;14634;14368;14685;15478;15404;15310;15543;15383;15457;15538;15395;15600;14548;14805;14925;15008;14799;14910
14765;14451;14566;14295;14105;14235;15457;15423;15395;15471;15337;15344;15397;15533;15619;15026;14952;14692;15163;15187;15069
14774;14524;14547;14705;14485;14627;15370;15331;14841;15470;14887;15447;15585;15372;15548;14798;14659;14895;14969;14413;14931
14315;14530;14413;14699;14718;14168;15356;15403;14635;15199;15384;14791;15325;15488;15356;14750;14727;14858;14821;14938;15009
14296;14362;13843;14436;14406;14842;15335;15242;15335;15618;15463;15267;15547;15745;15477;14923;14592;14998;14865;15187;14956
14633;14593;14197;14273;14570;14494;15403;15264;15369;15375;15403;15391;15423;15390;15273;14497;14482;15057;14670;14852;15022
14461;14104;14523;14648;14480;14551;15330;15352;15210;15452;15440;15327;15469;15465;15436;14674;14643;14736;14533;14797;14989
14448;14343;14296;14517;14307;14302;15340;15522;15458;15360;15341;15235;15578;15516;15444;14659;14773;14782;14978;14861;15004
14427;14398;14422;14656;14366;14416;15396;15365;15378;15477;15470;15134;15534;15480;15413;14670;14471;14824;15184;14889;15180
14593;14366;14403;14632;14571;14456;15352;15270;15490;15313;15417;15241;15615;15544;15489;14717;14953;14752;14966;14948;14836
14958;14131;14382;14466;14684;14579;15347;15472;15297;15440;15256;15505;15384;15726;15558;14693;14672;14584;14914;14804;14993
14728;14307;14443;14468;14358;14369;15444;15459;15258;15351;15415;15272;15281;15503;15523;14608;14726;14599;14640;14876;14716
14428;14305;13945;14443;14426;13337;15510;15449;15339;15402;15354;15439;15629;15567;15471;14630;14626;14875;15033;15056;14948
14558;14357;14406;14610;14621;14775;15529;15319;15403;15307;15334;15426;15490;15546;15281;14802;14785;14537;15056;15049;15169
14461;14370;14344;14456;14830;14534;15431;15416;15345;15368;15415;15380;15395;15357;15509;14677;14773;14964;14969;14943;14854
14488;14229;14356;14386;14655;14468;15450;15530;15293;15426;15403;15238;15555;15377;15572;14519;14700;14876;14944;14949;14838
14599;14274;14550;14570;14568;14575;15409;15515;15299;15182;15327;15383;15700;15295;15212;14802;14937;14700;15085;14919;14777
14601;14393;14610;14406;14539;14559;15362;15631;15139;15359;15402;15420;15550;15465;15497;14987;14755;14931;14859;15108;14910
14393;14541;14327;14534;14486;14535;15369;15372;15371;15437;15503;15378;15765;15616;15574;14730;14256;14948;14503;15005;14965
14649;13960;14260;14676;14460;14502;15441;15237;15059;15361;15537;14781;15724;15472;15103;14712;14887;14723;14885;14776;14952
14562;14474;13893;14397;14737;14471;14950;15426;15446;15395;15476;15292;15336;15528;15503;14755;14789;14435;14869;15011;14983
14440;14472;14172;14600;14380;14436;15466;15310;15267;15387;15397;15483;15649;15545;15641;14732;15017;14874;14970;15075;14954
14714;14683;14363;14325;14488;14505;15480;15543;15420;15425;15252;15201;15604;15598;15650;14591;14756;14770;14870;14900;14900
14569;14411;14359;14554;14487;14689;15326;15137;15390;15412;15564;15456;15224;15542;15431;14700;14833;15008;15039;14994;14691
14591;14478;14389;14561;14327;14640;15421;15277;15475;15325;15257;15490;15514;15457;15404;14750;14714;14697;14828;14942;15010
14537;14412;14260;14663;14544;14393;15458;15279;15183;15503;15397;15305;15464;15571;15505;14613;14585;14828;14900;14807;14970
14585;14516;14349;14317;14390;14415;15393;15346;15331;15455;15326;15415;15459;15246;15706;14714;14844;14734;14952;14866;15115
14760;14334;14542;14589;14483;14069;15456;15393;15450;15416;15267;15488;15466;15393;15699;14636;14815;15010;14786;14866;14923
14638;14370;14415;14406;14606;14375;15435;15423;15381;15460;15290;15314;15505;15403;15422;14783;14845;14857;14866;14999;15162
14524;14447;14300;14684;14699;14787;15249;15393;15384;15379;15265;15284;15579;15509;15602;14741;14984;14454;14834;14976;14836
14315;14322;14281;14569;14411;14545;15487;14739;14944;15446;14838;15398;14869;15538;15055;14519;13948;14894;14913;14672;14950
14711;13808;14567;13910;14389;14458;15385;15456;15232;15484;15350;15365;15671;15703;15660;14948;15026;14321;14992;14779;14910
14689;14563;14396;14285;14403;14435;15531;15355;15461;15220;15250;15359;15411;15352;15417;14818;15036;14841;15041;15159;15044
14617;14552;14406;14447;14393;14567;15416;15320;15241;15425;15467;15129;15618;15463;15623;14704;14747;14866;14983;14833;15122
14300;14478;14602;14614;14538;14490;15251;15424;15579;15326;15198;15387;15392;15403;15221;14741;14517;14421;15079;14967;14939
14730;14413;14267;14361;14330;14603;15318;15475;15256;15289;14867;15356;15418;15550;15450;14839;14986;14833;14829;15198;14755
14614;14400;14406;14574;14614;14593;15548;15542;15513;15427;15432;15330;15574;15616;15434;14962;14698;14855;14935;14879;15087
14544;14210;14463;14475;14627;14423;15323;15523;15498;15457;15448;15095;15592;15423;15540;14326;14552;14590;14879;14828;14976
14526;14402;14440;14576;14376;14397;15533;15337;15365;15499;15479;15306;15577;15436;15399;14761;14834;14723;15030;14962;14974
14641;14340;14454;14727;14567;14668;15437;15370;15286;15389;15401;15329;15471;15644;15402;14816;14618;14719;14726;14740;14787
14413;14193;14413;14329;14549;14557;14967;15488;15446;14893;15287;15334;15344;15378;15471;14628;14582;14464;14791;14419;14804
14210;14371;14463;14303;14633;14548;15610;15411;15305;15297;15380;15439;15612;15581;15487;14768;14862;14670;14878;15116;14936
14683;14443;14034;14473;14495;14417;15441;15394;15514;15484;15405;15478;15685;15424;15515;14905;14873;14828;15016;14842;14971
14437;14452;14458;14529;14643;14375;15512;15361;15344;15359;15498;15318;15674;15433;15585;14747;14805;14771;14840;14945;15103
14243;14418;14549;14587;14454;14349;15448;15316;15393;15397;15460;15432;15464;15532;15378;14817;14947;14789;14944;15038;15038
14727;14399;14514;14574;14427;14677;15350;15548;15512;15352;15327;15334;15296;15421;15545;14836;14694;14820;15200;14965;14765
14600;14151;14502;14484;14295;14562;15340;15220;15603;15304;15335;15172;15523;15313;15476;14613;14987;14748;15229;14771;14757
14444;14495;14632;14381;14608;14380;15042;15445;15330;15284;15402;15479;15400;15616;15713;14672;14568;14804;15299;14756;15099
14601;14598;14520;14580;14421;14638;15360;15653;15290;15423;15432;15290;15368;15569;15623;14721;14678;14744;14952;14605;14929
14645;14199;14090;14391;14393;14619;15287;15157;15149;15234;14843;15372;15492;15697;15514;14961;14839;14501;15025;15019;14896
14482;14417;14275;14720;14585;14423;15408;15491;15366;15376;15387;15457;15554;15624;15410;14524;14642;14808;14961;14952;14776
14575;14464;14272;14465;14697;14701;15442;15395;15334;15426;15437;15435;15724;15494;15392;14683;14680;14682;15057;14959;14880
14443;14332;14157;14560;14648;14580;15332;15495;15377;15140;15352;15250;15391;15619;15507;14745;14717;14828;14940;15088;14751
14623;14391;14408;14384;14718;14600;15489;15144;15294;15356;15260;15341;15489;15390;15437;14926;14705;14609;14920;14906;15129
14638;14548;14429;14502;14368;14528;15422;15258;15155;15424;15415;15179;15477;15452;15469;14795;14641;14750;14996;14932;14868
14350;14410;14490;14494;14506;14481;15445;15379;15357;15254;15459;15407;15321;15344;15461;14773;14786;14669;15098;15026;14917
14575;14577;14292;14424;14411;14721;14871;14735;15304;14818;15355;15336;14983;15485;15528;14684;14915;14560;14994;14685;14828
15174;14506;14297;14554;14183;14724;15418;15262;15529;15507;15356;15239;15438;15512;15505;14779;14538;14730;14519;14831;15038
14673;14243;14252;14414;14270;14493;14989;15065;15550;15555;15156;15405;15611;15369;15467;14724;14824;14688;14999;15098;14905
14577;14342;14460;14375;14600;14427;15454;15446;15524;15227;15274;15527;15372;15331;15356;14742;14908;14949;14983;14975;14887
14393;14457;14080;14483;14685;14412;15436;15339;15441;15271;15210;15518;15364;15408;15486;14889;14704;14824;14844;14942;15196
14519;14239;14293;14507;14443;14600;15195;15392;15470;15086;15505;15209;15459;15553;15600;14724;14622;14770;14957;15018;15002
14451;14325;14626;14317;14581;14519;15444;15157;15440;15314;15381;15442;15665;15401;15536;14870;14872;14906;15062;15075;15010
14290;14311;14527;14482;14439;14632;15312;15440;15169;15472;15405;15371;15589;15489;15564;15009;14864;14953;14969;15030;14934
14330;14514;14331;14340;14571;14583;15156;15340;15284;15523;15276;15358;15524;15494;15515;14605;14497;14718;14852;15140;15015
14564;14482;14387;14547;14504;14222;15323;15421;15285;15225;15361;15339;15349;15507;15795;14922;14588;14721;15022;14588;14776
14770;14140;14244;14519;14480;14659;15309;15224;15262;15249;15066;15134;15407;12561;15441;14814;14823;14840;14816;15043;14815
14592;14353;14367;14346;14276;14634;15229;15368;15316;15442;15306;15471;15634;15235;15376;14737;14556;14704;14806;15047;14950
14575;14353;14407;14534;14248;14400;15151;15332;15425;15127;15562;15306;15427;15346;15354;14876;14961;14954;14775;15062;15065
14841;14468;14254;14482;14524;14739;15451;15340;15343;15439;15335;15345;15441;15436;15578;14639;14727;14665;15001;14675;14716
14547;14346;14450;14531;14544;14297;15168;15468;15337;15218;15394;15306;15573;15352;15572;14519;14738;14916;15102;15046;14971
14680;14439;14260;14454;14232;14407;15585;15323;15399;15240;15285;15201;15517;15453;15384;14647;14777;14774;15021;14994;14758
14517;14363;14244;14349;14613;14601;15500;15293;15196;15245;15398;15559;15701;15521;15597;14832;14818;14892;15015;14901;15125
14516;14411;14486;14552;14735;14571;15475;15366;15347;15331;15229;15216;15516;15523;15636;14653;14565;14808;14893;14900;14914
14521;14420;14495;14684;14524;14509;15410;15460;15479;15486;15419;15269;15502;15388;15623;14542;14863;14881;15066;14977;14917
14654;14475;14404;14540;14470;14472;15420;15207;15334;15490;15233;15281;15607;15311;15536;14813;14740;14722;14897;15002;14998
14564;14413;14522;14665;14634;14581;15423;15480;15410;15355;15293;15240;15458;15379;15507;14775;14942;14813;14965;14809;15073
14876;14427;14416;14659;14475;14763;15457;15381;15504;15587;15432;15254;15482;15495;15425;14887;14613;14813;14489;15050;14564
14517;14350;14450;14661;14425;14570;15358;15541;15657;15460;15482;15383;15404;15407;15576;15031;14746;14713;15096;15055;15009
14656;14141;14307;14624;14667;14601;15178;15578;15244;15463;15302;15461;15589;15487;15495;14846;14791;14975;15094;14863;15125
14634;14332;14510;14672;14701;14373;15420;15500;15536;15318;15294;15077;15543;15768;15475;14640;14932;14716;15084;14994;14865
14429;14472;14482;14624;14446;14598;15376;15387;15336;15282;15386;15314;15387;15395;15402;14709;15024;14481;14890;14912;14871
14599;14380;14381;14584;14623;14444;15467;15295;15474;15373;15385;15404;15610;15443;15520;14845;14929;14963;14922;14985;14968
14465;14249;14443;14623;14620;14724;15466;15445;15337;15436;15480;15358;15600;15566;15653;14567;14750;14733;14828;14974;14988
14473;14430;14305;14471;14223;14634;15647;15365;15319;15556;15282;15478;15563;15531;15609;14807;14715;14798;14759;14962;14824
14659;14233;14436;14744;14485;14322;15293;15483;15300;15193;15345;15542;15349;15655;15470;14746;14805;14773;14062;14941;14479
14268;14208;13967;14747;13617;14797;15450;15448;15314;15325;15403;14949;15472;15401;15004;14868;14740;14353;15106;15084;14781
14705;14374;14448;14480;14653;14532;15351;15458;15510;15414;15477;15309;15559;15656;15472;15023;14591;14971;15083;14917;14773
14533;14268;14554;14640;14385;14789;15497;15476;15527;15327;15606;15465;15591;15619;15577;15004;14743;14883;14921;14902;15012
14619;14403;14376;14573;14539;14549;15502;15566;15364;15562;15432;15443;15497;15459;15422;14682;14556;14779;15071;15058;14997
14309;14336;14336;14540;14645;14430;15219;15321;15307;15395;15529;15511;15466;15422;15692;14895;14555;14821;14994;14946;14798
14539;14209;14441;14654;14686;14470;15511;15343;15508;14409;15229;15300;15596;15640;15544;14738;14797;14807;15146;14912;14832
14671;14323;14431;14435;14550;14463;15389;15341;15365;15436;15288;15247;15391;15769;15630;14601;14592;14827;14781;15023;14937
14694;14420;14191;14452;14568;14756;15448;15461;15448;15344;15171;15278;15461;15442;15667;14740;14825;14610;14826;14921;14961
14339;14486;14325;14383;14505;14622;15329;15633;15204;15251;15258;15276;15503;15405;15194;15015;15073;14792;14854;14891;14976
14698;14365;14244;14527;14732;14620;15293;15309;15410;15272;15411;15346;15488;15651;15389;14757;14651;14724;15097;15010;14945
14531;14508;14190;14692;14568;14590;15435;15228;15353;15320;15327;15312;15009;15487;15421;14742;14748;14728;14894;14747;15086
14350;14202;14519;14346;14271;14338;15158;14933;15050;15118;14887;14668;15351;14859;15012;14674;14889;14787;15110;14814;15085
14572;14224;14363;14877;14392;14740;15368;15314;15548;15465;15474;15452;15277;15519;15555;14739;15037;14970;14987;15123;14834
14461;14533;14343;14579;14561;14522;15393;15554;15292;15346;15368;15213;15599;15483;15450;14667;15036;14815;15147;14578;14942
14445;14292;14362;14610;14665;14776;15361;15302;15370;15360;15269;15388;15533;15400;15611;14951;14668;14772;15111;15256;14834
14505;14509;14397;14663;14304;14675;15408;15453;15580;15526;15247;15401;15646;15652;15548;14808;14877;14702;14985;15034;14754
14672;14530;14362;14502;14632;14537;15412;15435;15504;15300;15245;15370;15504;15500;15244;14949;14777;14791;14976;14671;14821
14869;14486;14290;14671;14558;14675;15366;15399;15463;15481;15375;15438;15565;15563;15571;14805;14846;14816;15171;15359;14984
14876;14225;14154;14927;14328;14539;15358;15273;15217;15550;15406;15373;15381;15514;15476;14698;14777;14868;14981;14887;14932
14546;14349;14236;14633;14470;14496;15233;15154;15048;14976;14877;14895;15150;15206;15136;14378;14366;14533;15129;15010;14975
14278;14243;14404;14672;14580;14749;15248;15192;15444;15487;15411;15403;15564;15450;15422;14687;14788;15010;14820;15085;14912
14459;14418;14253;14514;14561;14441;15476;15494;15204;15542;15302;15546;15494;15544;15310;14614;14664;14848;14859;15001;15094
14690;14349;14287;14714;14648;14360;15362;15429;15389;15428;15393;15352;15537;15538;15448;14676;14557;14801;14988;15125;15095
14437;14410;14553;14726;14674;14263;15465;15274;15340;15258;15421;15434;15535;15615;15648;14861;14904;14743;15142;15113;15270
14410;14593;14270;14419;14548;14530;15385;15437;14849;15556;15481;15117;15450;15451;15451;14923;14791;14906;14819;14934;14742
14250;14405;14375;14665;14479;14712;15257;15122;15421;15544;15264;15099;15472;15528;15536;14909;14867;14810;15096;15022;15136
14553;14412;14370;14549;14531;14405;15375;15346;15416;15340;15436;15331;15486;15383;15561;14754;14636;14706;15079;14632;14881
14723;14304;14439;14532;14457;14596;15251;15411;15402;15048;15215;15248;15148;15236;14586;14531;14286;14386;14901;15265;14994
14481;14397;14464;14707;14557;14625;15167;15308;15364;15314;15368;15222;15554;15338;15439;14711;14604;14473;15220;15114;15090
14324;14599;14343;14650;14655;14260;15461;15477;15277;15218;15388;15261;15436;15516;15439;14795;14726;14691;14875;15112;15154
14356;14243;14468;14559;14740;14420;15366;15166;15467;15579;14988;15189;15404;15516;15548;14836;14858;14839;14814;14690;14921
14392;14433;14535;14578;14353;14605;15245;15351;15340;15378;15465;15299;15515;15666;15557;14879;14762;14884;14919;15022;14954
14342;14582;14592;14634;14384;14483;15395;15509;15464;15281;15127;14948;15532;15422;15527;14873;14609;14689;14906;14841;14904
14514;14401;14352;14473;14299;14339;15365;15326;15468;15306;15398;15491;15568;15591;15605;14918;14928;14767;14975;15144;14760
14676;14417;14291;14756;14603;14616;15404;15556;15392;15451;15572;15410;15601;15544;15410;15086;14760;14750;14788;14885;14668
14786;14255;14480;14597;14517;14742;15320;15545;15392;15250;15446;15280;15744;15699;15464;14696;14762;14844;15092;14878;15069
14520;14251;14466;14585;14295;14638;15427;15325;15238;15284;14972;15116;15484;15626;15430;14730;14777;14751;15235;14832;14747
14359;14317;14169;14594;14597;14680;15598;15332;15187;15392;15399;15495;15538;15541;15484;14811;14720;15040;14914;14876;15117
14681;14320;14057;14407;14486;14610;15411;15328;15403;15341;15342;15334;15394;15530;15479;14728;14707;14931;14929;15103;14941
14792;14162;14536;14607;14560;14591;15240;15359;15459;15562;15400;15248;15627;15512;15507;14876;15076;14696;14849;14738;15019
14494;14206;14481;14754;14659;14689;15273;15435;15308;15243;15365;15416;15348;15663;15628;14894;14752;14797;14783;15036;14906
14443;14278;14298;14457;14511;14482;15192;14127;15467;15372;15415;15352;15663;15496;15461;14913;14802;14894;15234;14970;15038
14488;14449;14203;14323;14743;14553;15631;15409;15246;15405;15627;15283;15420;15501;15406;14870;14735;14843;14912;14960;15114
14345;14410;14305;14748;14750;14595;15545;15356;15361;15445;15515;15399;15453;15434;15640;14753;14614;14736;14949;15064;15016
14603;14335;14332;14629;14676;14270;15380;15272;15527;15307;15487;15362;15348;15423;15498;14711;14658;14715;15095;14943;14931
14389;14293;14398;14443;14623;14225;15497;15232;15325;15418;15351;15363;15496;15558;15468;14881;14832;14692;15007;15131;14819
14767;14243;14318;14795;14499;14769;15403;15541;15368;15588;15353;15451;15187;15458;15612;14895;14712;14630;14630;14703;14911
14424;14251;14403;14640;14413;14489;15561;15437;15448;15376;15408;15276;15493;15364;15596;14796;14777;14637;15130;15148;14988
14557;14321;14268;14410;14645;14778;15444;15459;15326;15384;15348;15198;15444;15415;15644;14756;14822;14727;15007;15043;15304
14630;14676;14215;14469;14598;14662;15491;14994;15510;15196;15332;15296;15441;15609;15459;14963;14720;14794;15110;14911;14908
14670;14537;14307;14683;14482;14628;15312;15343;15316;15332;15501;15231;15570;15269;12884;14631;14677;14758;14916;14794;14961
14116;14266;14478;14378;14615;14157;15358;15387;15282;15432;14669;15397;15544;15586;15315;14780;14715;14771;14366;14898;14570
14248;14353;14393;14276;14416;14136;15464;15437;14943;15336;15192;15212;15626;15206;15441;14355;14858;14822;14855;15131;14956
14337;14417;14575;14611;14346;14549;15534;15351;15459;15128;15430;15360;15432;15477;15336;14808;14881;14773;15073;14950;14866
14571;14279;14324;14630;14640;14639;15428;15160;15377;15286;15222;15446;15516;15353;15445;14869;14767;14619;15050;15060;15043
14324;14247;14565;14793;14444;14330;15357;15576;15347;15453;15396;15184;15557;15268;15567;14721;14724;14663;15187;15002;14970
14517;14341;14389;14499;14557;14422;15176;14953;15447;15427;15436;15265;15619;15492;15406;14740;14901;14841;15167;14928;15096
14587;14342;14540;14864;14613;14320;15377;15243;15268;15417;15190;15360;15578;15463;15338;14727;14817;14777;14882;14872;15002
14525;14302;14368;14448;14318;14702;15370;15480;15248;15391;15375;15325;15451;15406;15644;14795;14826;14808;14887;15380;15025
14482;14293;14314;14312;14451;14521;15402;15435;15121;15486;15410;15269;15563;15586;15352;15027;14688;14414;14915;14850;14951
14388;14205;14502;14397;14441;14457;15283;15429;15316;15470;15252;15347;15414;15471;15439;14731;14585;14655;14828;15100;14899
14363;14333;14394;14357;14624;14477;15471;15373;15394;15381;15393;15350;15476;15451;15643;14645;14944;14640;14871;14903;14744
14567;14322;14296;14579;14270;14405;15363;15433;14225;13917;15332;15354;15463;15380;15294;14496;14720;14510;14969;14850;15073
14322;14036;14238;14408;14611;14553;15345;15349;15431;15479;15563;15440;15520;15543;15443;15023;14703;14822;14834;14641;14941
14437;14495;14353;14599;14396;14522;15407;15106;15260;15426;15264;15335;15503;15342;15364;14731;14746;14494;15112;15050;15123
14887;14417;14306;14378;14549;14394;15151;15370;15141;15180;15353;15147;15510;15455;15425;14833;14801;14678;14966;14909;14925
14551;14318;14389;14520;14505;14412;15300;15398;15505;15273;15470;15500;15579;15576;15639;14804;14806;14951;15048;14961;14926
14579;14379;14590;14613;14274;14363;15499;15300;15473;15317;15274;15459;15469;15397;15576;14982;14589;14878;15131;15107;14885
14641;14504;14367;14541;14536;14347;15431;15319;15336;15438;15346;15228;15523;15473;15508;14728;14820;14881;14960;14920;14811
14716;14475;14250;14486;14384;14640;15382;15416;15461;15370;15458;15147;15430;15355;15494;14973;14812;14819;14889;15055;14817
14604;14362;14117;14667;14334;14461;15230;15278;15243;15324;15247;15195;15361;15464;15452;14594;14900;14816;14971;14924;14697
14402;14102;14296;14657;14745;14290;15532;15240;15273;15332;15208;15147;15538;15464;15372;14497;14678;14796;14506;15029;14783
14333;14550;14365;14080;14490;14538;14863;15341;15386;15071;15476;15457;15681;15405;15646;14875;14629;14174;13682;14504;14869
14432;14270;13848;14668;14392;14479;14631;15378;15329;15039;15038;15228;14899;15378;15340;14311;14594;14868;15048;14482;14689
14675;14468;14440;14647;14116;14622;15356;14662;15344;14762;15180;15452;15385;15540;14993;14797;14771;14670;14923;14920;14660
14753;14598;14608;14415;14551;14483;15315;15033;15385;15470;15271;15411;15525;15550;15444;15004;14851;14785;14836;14762;14852
14659;14355;14286;14571;14688;14629;15422;15564;15471;15455;15284;15413;15761;15405;15736;14896;14524;14648;14883;14942;14710
14736;14109;14399;14501;14551;14488;15334;15590;15490;15266;15494;15523;15388;15477;15423;14988;14756;14716;14973;15230;14681
14572;14348;14418;14491;14659;14221;15241;15238;15310;15253;15361;15291;15585;15580;15402;14731;14838;14718;14756;14921;14740
14642;14314;14465;14427;14520;14112;15470;15150;15126;15365;15440;15033;15580;15220;14942;14739;14773;14079;14630;15116;14986
14345;14313;14351;14564;14291;14039;15309;15361;14981;15138;15163;15417;15277;15421;15282;14694;14731;14779;14686;14808;15002
14198;14343;14241;14695;14362;14556;15496;15555;15372;15430;15539;15547;15228;15358;15443;14607;14852;14828;14804;15006;15058
14767;14328;14359;14265;14582;14539;15495;15251;15350;15620;15110;15577;15437;15464;15451;14255;14867;14798;15275;15146;14743
14752;14308;14586;14617;14416;14300;15388;15382;15295;15396;15414;15203;15507;15534;15396;14837;14782;14464;14773;14750;14861
14260;14464;14097;14446;14461;14554;15269;15070;15324;15281;15358;15320;15486;15521;15578;14770;14762;14974;14997;15052;14904
14280;14034;14421;14480;14431;14584;15625;15217;15328;15308;14979;15344;15562;15503;15339;14423;14735;14759;14832;14948;14800
14294;14390;14467;14399;14237;14485;15265;15416;15599;15280;15365;15211;15584;15472;15603;14814;14613;15050;14761;15020;14893
14408;14050;14056;14237;14496;14377;15385;15030;15398;15365;15436;15070;15394;15615;15104;14835;14811;14195;14989;14922;14370
14361;14496;14113;14758;14500;13999;15344;15485;15223;14661;15233;15342;15600;15502;15387;14904;14623;14728;15044;14875;14833
14767;14388;14415;14240;14595;14510;15414;15218;15198;15183;15019;15558;15532;15426;15458;14894;14832;14776;14870;15027;14853
14428;14507;14647;14404;14380;14527;15354;15410;15385;15137;15153;15536;15412;15605;15365;14748;14826;14709;14723;14999;15150
14656;14384;14329;14592;14567;14950;15332;15155;15470;15438;15390;15374;15531;15406;15699;14799;14713;14607;14966;14968;14939
14626;14601;14269;14559;14496;14412;15516;15389;15379;15377;15452;15362;15598;15379;15319;14594;14729;14628;14927;15130;14837
14847;14369;14375;14655;14439;14514;15399;15316;15576;15388;15202;15333;15560;15535;15340;14813;14444;14540;14733;14674;15014
14359;14093;14363;14520;14649;14460;15240;15257;15403;15364;15268;15161;15591;15419;15708;14166;14673;14716;14427;15004;14612
14303;14593;13744;14434;14598;14695;14874;15388;15340;15264;15391;15295;15098;15428;15421;14285;14821;14752;14873;15030;14891
14565;14376;14154;14609;14364;14151;15533;15458;14828;15272;15516;14920;15405;15553;15594;14500;14737;14850;14654;14901;14935
14696;14359;13951;14193;14257;14291;14923;15385;15546;14945;15462;15356;15393;15629;15597;14697;14979;14935;14748;15062;14946
14670;14265;14174;14566;14481;14383;15418;15513;15168;15486;15393;15322;15497;15372;15579;14780;14620;14822;14824;14886;14918
14367;14328;14455;14553;14606;14404;15353;15321;15533;15439;15399;15202;15501;15405;15461;14604;14857;14854;14917;14963;15058
14565;14404;14175;14551;14475;14570;15355;15371;15369;15376;15191;15365;15412;15477;15493;14823;14871;14772;14888;14848;14721
14568;14195;14245;14557;14396;14361;15394;15364;15236;15273;15196;15453;15385;15200;15328;14835;14792;14718;15064;15054;15024
14397;14483;14305;14469;14665;14519;15447;14953;15335;14655;15495;15315;15425;15545;15545;14831;14836;14748;14189;14765;14308
14449;14326;13903;14420;14667;14361;14851;15374;15434;14482;15274;15461;15105;15536;15389;14329;14690;14943;15044;14896;14807
14506;14528;14394;14716;14600;14708;15333;15425;15331;15312;15419;15419;15589;15510;15377;14486;14840;14618;15129;15148;14720
14714;14481;14665;14316;14585;14617;15459;15421;15284;15398;15424;15514;15718;15584;15472;15019;14661;14919;15006;15052;15037
14789;14402;14387;14617;14662;14436;15530;15359;15309;15200;15311;15438;15492;15651;15439;14886;14791;14619;14974;14886;14803
14589;14359;14505;14330;14652;14521;15448;15261;15332;15463;15555;15454;15560;15486;15369;14805;14856;14746;15169;14928;15172
14528;14461;14210;14480;14412;14589;15465;15486;15420;15380;15516;15499;15610;15433;15527;14855;14532;14751;15050;14936;14812
14687;14243;14415;14799;14595;14403;15506;14994;15183;15367;15535;15379;15469;15389;15523;14415;14816;14760;14199;14700;14913
14515;14540;14334;14444;14587;14560;13854;15448;15301;14831;15291;15395;15328;15597;15553;14896;14695;14586;14588;15154;15131
14697;14124;14284;14330;13783;14382;15322;15347;15465;15307;15465;15545;15505;15430;15571;14708;14901;14264;15021;14877;14700
14528;14520;14523;14603;14544;14449;15461;15434;15086;15276;15232;14762;15453;15313;14802;14664;14798;14737;14694;15038;14910
14674;14393;14306;14599;14351;14527;15170;15287;15441;15587;15235;15377;15574;15451;15695;14858;14522;14709;14875;14904;14972
14495;14303;14544;14488;14364;14546;15496;15412;15536;15283;15297;15365;15551;15519;15353;14477;14789;14814;14962;14952;14993
14527;14196;14351;14467;14534;14426;15267;15395;15439;15452;15308;15380;15643;15434;15325;14598;14816;14580;14751;14836;14952
14478;14417;14323;14213;14422;14451;15373;15445;15530;15346;15324;15319;15454;15605;15483;14581;14666;14785;14991;15046;14894
14680;14573;14516;14631;14525;14337;15425;15443;15389;15373;15353;15444;15208;15605;15563;14492;14820;13892;14858;14860;15032
13815;14513;14351;14593;14503;14609;15458;14881;15494;15374;14791;15427;15436;14906;15434;14882;14582;14670;14968;14933;14669
14664;13991;14194;14878;14107;14477;15483;15456;15620;15324;15241;15260;15551;15428;15268;14851;14780;14764;15072;15005;14935
14483;14267;14429;14522;14420;14436;15554;15445;15481;15343;15610;15503;15503;15547;15414;14829;14583;14690;14838;15021;15061
14281;14411;14485;14820;14338;14556;15359;15198;15534;15461;15384;15410;15558;15261;15739;14796;14697;14619;14958;15091;14868
14222;14446;14388;14403;14398;14472;15418;15242;15519;15131;15369;15397;15161;15527;15396;14799;14702;14807;14861;14926;14655
14558;14433;14299;14687;14234;14371;15606;15531;15482;15489;15509;15435;15593;15446;15634;14717;14465;14738;15129;14823;14693
14371;14128;14332;14500;14631;14451;15336;15427;15301;15637;15267;15087;15481;15466;15368;14745;14959;14717;14963;15039;14855
14657;14249;14273;14530;14567;14533;15340;15215;15330;15333;15320;15435;15588;15392;15173;14692;13782;14863;15187;15006;14860
14575;14117;14420;14730;13986;14523;15328;14990;15335;15329;15144;15505;15426;15514;15126;14894;14623;13987;14848;14964;14078
14371;14520;14214;13820;14400;14353;15365;14873;15166;15322;14903;15201;15596;14449;15158;14711;14387;14269;14852;14873;14636
14422;13972;14541;14395;14123;14055;15413;15555;14609;15234;15213;15293;15504;15271;15526;14655;14601;14583;14926;14832;14406
14372;13675;14277;14666;13728;14755;15267;15233;14877;15471;15129;14909;15445;15649;15587;14727;14858;14745;14231;14904;14906
14459;14245;13947;14589;14326;14552;15067;15305;15435;15263;15195;15306;15518;15488;15403;14458;14819;14608;15062;14898;14763
14707;14172;14592;14512;14513;14579;15302;15365;15281;15315;15384;15501;15565;15371;15515;14799;14730;14753;14670;15016;14667
14378;14477;14162;14316;14557;14532;15515;15299;15410;15284;15428;15362;15534;15385;15345;14684;14527;14668;15070;14910;14844
14388;14316;14406;14490;14765;14786;15216;15374;15525;15215;15281;15354;15434;15481;15543;14676;14781;14787;14936;14707;14793
14612;14083;14195;14691;14574;14285;15106;15357;15172;15266;15382;15355;15538;15195;15424;14687;14675;14439;14794;14870;15186
14483;14037;13006;14413;14541;14080;15344;15352;14812;15360;15317;14937;15334;15424;14736;14923;14663;14865;14752;14936;14893
14228;14570;13479;14604;14483;14495;15214;15138;15395;15093;15268;15319;15302;15459;15391;14787;14448;14740;14913;14744;14581
14534;14370;14398;14542;14375;14267;15342;15388;15566;15379;15419;15301;15248;15575;15393;14729;14668;14862;15105;14967;14780
14642;14261;14264;14503;14673;14421;15292;15435;15226;15275;15211;15491;15484;15365;15442;14623;14689;14666;15007;14634;14786
14573;14406;14387;14550;14083;14443;15181;15411;15356;15392;14350;15265;15657;15498;15470;14637;14635;14517;14882;14901;14252
14568;13909;14195;14418;14516;14370;15335;15100;15461;15047;15423;15382;15645;15585;15396;14769;14789;14935;14779;14844;14762
14363;14241;14298;14026;14506;14492;15499;15139;15574;15415;15558;15297;15523;15540;15459;14701;14476;14719;15033;15040;14622
14436;14458;14668;14279;14581;14281;15426;15392;15094;15554;15425;15336;15409;15380;15611;14732;14709;14416;15026;14725;14647
14226;14631;13518;14600;14498;14401;15268;15390;15386;14715;15048;15333;14720;15596;15430;14164;14868;14665;14238;14903;14828
14606;14160;14397;14206;14293;14405;14248;15308;15365;15240;15357;15261;15487;15382;15636;14862;14784;14744;15010;15030;15084
14369;14263;14080;14418;14316;14486;15292;15074;15335;15430;15445;15332;15333;15569;15667;14763;14844;14729;14782;15052;14646
14401;14095;14416;14366;14697;14343;15470;15419;15413;15367;15470;15325;15460;15370;15465;14596;14602;14764;14821;14958;15078
14493;14371;14387;14497;14584;14362;15443;15321;15408;15462;15168;15355;15678;15316;15497;14736;14677;14897;14723;15075;15175
14657;14638;14843;14459;14463;14419;15352;15467;15449;15405;15433;15348;15603;15647;15552;14861;14860;14821;15053;14912;15035
14720;14369;14434;14587;14560;14541;15491;15465;15349;15519;15377;15501;15495;15601;15543;14859;14785;14666;14241;14920;14795
14634;14401;14453;14481;14624;14509;15512;15503;15339;15367;15297;15377;15352;15333;15297;14863;14658;14692;14949;14978;14962
14549;14277;13993;14564;14090;14537;15372;15184;15509;15288;14869;15518;15644;15742;15446;14343;14839;14725;14409;15184;14859
14398;14466;14282;14386;14633;14645;14717;15304;15425;14794;15234;15266;15482;15403;15626;14800;14799;14904;14740;14936;15010
14392;14331;14588;14543;14553;14464;15445;15436;15449;15369;15315;15379;15753;15509;15551;14737;14743;14562;15045;14954;15199
14735;14433;14307;14557;14356;14653;15392;15432;15533;15256;15144;15505;15569;15514;15701;14871;14838;14972;14925;14881;14892
14465;14301;14226;14636;14812;14347;15359;15418;15237;15336;15641;15278;15544;15547;15455;14571;14869;14766;15026;14968;14977
14626;14459;14400;14339;14478;14623;15399;15413;15333;15629;15438;15146;15452;15468;15425;14790;14634;14997;14969;14857;15094
14509;14612;14386;14504;14682;14438;15542;14543;15287;15405;15376;15415;15546;15437;15703;14602;14716;14582;14813;14973;15117
14515;14564;14516;14543;14642;14382;14955;15523;15260;15286;15359;15265;15300;15618;15473;14455;14833;14654;14890;14864;15079
14345;13856;14492;14843;14343;14496;15320;15093;15479;15489;14790;15382;15486;14919;15437;14528;14644;14649;14878;14858;14912
14280;13992;14652;14662;14049;14464;15376;15247;15291;15202;15469;15203;15538;15623;15526;14883;14662;14579;15079;15111;15134
14376;14308;14420;14572;14434;14697;15564;15414;15544;15480;15448;15388;15354;15507;15356;14787;14546;14486;15022;14874;15147
14482;14463;14487;14537;14600;14404;15362;15364;15622;15395;15160;15420;15356;15585;15459;14678;15019;14606;14860;14999;15012
14651;14537;14287;14537;14720;14549;15317;15445;15456;15324;15325;15365;15566;15553;15442;14991;14731;14854;14961;14944;15084
14663;14398;14466;14649;14501;14602;15336;15430;15395;15557;15558;15296;15638;15367;15579;14860;14620;14787;14892;14940;15024
14557;14459;14459;14367;14261;14484;15441;15378;15550;15394;15352;15383;15441;15563;15540;14933;14641;14622;14598;15600;14042
